店の名前,駅からの距離,店のカテゴリ(キーワード),紹介文,評価,コメント数,ブックマーク数,夜の予算,昼の予算,住所
フォルクス 中環千里店,山田駅 801m,ファミレス、ステーキ、ハンバーグ,どなたにもお気軽にお楽しみいただけるごちそう☆★ステーキを食べるなら断然【VOLKS】,3.08,74,661,"￥2,000～￥2,999","￥1,000～￥1,999",大阪府吹田市津雲台7-66-12
MESON Hasta Manana,吹田（ＪＲ）駅 298m,スペイン料理、居酒屋、海鮮,御予約のお客様に時間制限はありません。 閉店時間は22:00ですので宜しくお願い致します。,3.25,43,2476,"￥3,000～￥3,999",-,大阪府吹田市朝日町25-1
精肉卸問屋直営焼肉店 牛次郎 江坂店,江坂駅 569m,焼肉、ホルモン、居酒屋,精肉卸直営が体現する『A5黒毛和牛』にこだわり抜いた話題の焼肉店。【江坂駅徒歩5分】,3.38,155,6358,"￥5,000～￥5,999","￥1,000～￥1,999",大阪府吹田市江坂町2-2-9 清洲江坂ビル 1F
good spoon 江坂公園店,江坂駅 159m,イタリアン、カフェ、スペイン料理,【ビアガーデン・歓送迎会・女子会・誕生日会にも♫江坂公園内のイタリアンレストラン】,3.44,345,8454,"￥2,000～￥2,999","￥1,000～￥1,999",大阪府吹田市江坂町1-19-38
うたた屋,江坂駅 437m,焼き鳥、鳥料理、居酒屋,【完全個室有り】手間暇かけた本格的な焼鳥を気軽な雰囲気でゆったり堪能,3.54,127,5175,"￥5,000～￥5,999",-,大阪府吹田市江の木町8-12 第2足立ビル
韓国料理専門店チカチキン 江坂店,江坂駅 488m,韓国料理、居酒屋,歓送迎会ご予約受付中！韓国人が作る絶品チキンやサムギョプサルをお酒と共に♪団体貸切りも歓迎,3.09,23,472,"￥2,000～￥2,999","￥1,000～￥1,999",大阪府吹田市江坂町2-6-14 1F
江坂ビストロ リアン,江坂駅 275m,ビストロ、パスタ、ハンバーグ,【江の木公園前】ビストロを味わう。平日は19時までハッピーアワー開催中◎個室もございます！,3.52,175,5630,"￥4,000～￥4,999","￥1,000～￥1,999",大阪府吹田市江の木町2-26 カンパニオ江坂 2F
敦煌 江坂店,江坂駅 181m,中華料理、居酒屋、アジア・エスニック,【江坂駅より徒歩3分】4名～40名様まで大小個室完備◎『飲放付コース』も充実♪5600円～,3.27,106,2079,"￥3,000～￥3,999",～￥999,大阪府吹田市江坂町1-22-12
一級 江坂本店,江坂駅 437m,もつ鍋、居酒屋、スポーツバー,メディアも紹介の極上《博多もつ鍋》《団体様OK》極上もつ鍋など幅広い鍋を楽しめます,3.3,111,4677,"￥3,000～￥3,999",-,大阪府吹田市江の木町8-12 足立第二ビル　１Ｆ
江坂海鮮食堂 はなれ おーうえすと,江坂駅 110m,居酒屋、海鮮、寿司,【江坂駅すぐ！毎日通し営業で昼飲み大歓迎✨】全国から極上の鮮魚が集まる海鮮居酒屋食堂っ❗️,3.21,33,757,"￥3,000～￥3,999","￥1,000～￥1,999",大阪府吹田市江坂町1-22-10 梓ビル 1F F
原価ビストロチーズプラス 江坂,江坂駅 84m,イタリアン、ダイニングバー、ビストロ,女子ウケ＆インスタ映え→チーズ料理！ソフドリ1円！サワー75円⁉️安くて旨いだけじゃない！,3.1,125,3686,"￥2,000～￥2,999",～￥999,大阪府吹田市江坂町1-23-32 リバーホール江坂 1F
わいどや 吹田店,吹田（ＪＲ）駅 461m,たこ焼き、からあげ,【吹田駅5分】鰹出汁のたこやき＆唐揚げを気軽に楽しめる、創業23年目の老舗店！2軒目利用◎,3.04,5,92,"￥1,000～￥1,999",-,大阪府吹田市内本町2-1-3
ハラミとタン厚切りステーキの店 肉バルガブット 吹田店,吹田（ＪＲ）駅 324m,肉バル、イタリアン,新年会シーズン到来,3.3,60,1467,"￥3,000～￥3,999","￥1,000～￥1,999",大阪府吹田市片山町1-5-10 ダイオービル 1F
あぶりや 江坂店,江坂駅 150m,焼肉、ホルモン,プロ厳選のお肉と贅沢なサイドメニュー。ひとつ上の食べ放題にこだわった焼肉店,3.08,56,1638,"￥4,000～￥4,999","￥4,000～￥4,999",大阪府吹田市江の木町1-39 SERE江坂 3F
Cotton 江坂店,江坂駅 698m,イタリアン、ピザ、バル,イタリアのカフェをモチーフにした温かい空間で、新鮮野菜の石窯ピッツァ×多彩なワインを満喫,3.18,39,1194,"￥4,000～￥4,999","￥1,000～￥1,999",大阪府吹田市南吹田5-24-5
つがい,江坂駅 440m,鍋、焼き鳥、居酒屋,【完全個室】紀州鴨しゃぶ鍋や淡海地鶏の鶏鍋でゆっくり愉しむお店,3.07,16,1450,"￥8,000～￥9,999",-,大阪府吹田市江の木町8-12 第2足立ビル 106
ダイニングダーツバーBee 江坂店,江坂駅 49m,ダーツ、ダイニングバー、バー,★江坂駅から徒歩１分★遊びながらお酒とお食事が朝まで楽しめます★当日飲み放題/貸切もＯＫ♪,3.01,3,149,"￥3,000～￥3,999","￥2,000～￥2,999",大阪府吹田市江坂町1-23-27 グウ江坂ビル　２Ｆ
タッカンマリ専門店오빠 江坂本店,江坂駅 249m,韓国料理,江坂駅3分◆本場の味をそのままに◎アットホームな空間で味わう旨味溢れる絶品“タッカンマリ”,3.25,44,1275,"￥5,000～￥5,999",-,大阪府吹田市江の木町1-24 紙谷第3マンション 1F
榮華亭 江坂店,江坂駅 114m,焼肉、ホルモン、韓国料理,"【江坂駅から3分】コスパ・クオリティ・食べ飲み放題が揃った炭火焼肉◎食べ放題2,800円～",3.05,43,1012,"￥3,000～￥3,999",-,大阪府吹田市江坂町1-22-10 第一梓ビル　２Ｆ
牛角 吹田上山手店,吹田市,焼肉、ホルモン,★焼肉と言えば「牛角」★ 焼肉には人を元気にする魔法があるッ。,3.05,28,313,"￥3,000～￥3,999",～￥999,大阪府吹田市上山手町27-3
ビタレーザ キッチン,山田駅 231m,カフェ、イタリアン、パスタ,【山田駅5分】心も身体も満たすヘルシーな一皿♪アフタヌーンティーや限定ディナーもお気軽に◎,3.23,57,1531,"￥2,000～￥2,999","￥1,000～￥1,999",大阪府吹田市津雲台5-11-2 グローバルビレッジ津雲台 つくもスクエア 1F
翠園,江坂駅 863m,中華料理、飲茶・点心、中華粥,モダンチャイニーズと繊細さの融合。伝統と革新が響き合う広東料理を、レトロな美空間で愉しむ,3.38,86,10162,"￥10,000～￥14,999","￥2,000～￥2,999",大阪府吹田市芳野町13-45 アメニティ江坂内
七輪焼肉 安安 関大前店,関大前駅 111m,焼肉、居酒屋、ホルモン,「安い・旨い・お腹いっぱい」の限界突破！！土日祝も元気に営業しています♪,3.05,8,80,"￥2,000～￥2,999","￥1,000～￥1,999",大阪府吹田市千里山東1-4-12 興亜殖産関大前ビル 2F
那ゆたや,江坂駅 515m,焼き鳥、鳥料理、居酒屋,【江坂駅より徒歩5分程】 素材・串打ち・炭火…手間を惜しまず焼き上げる焼き鳥や逸品・お飲み物,3.39,128,5190,"￥5,000～￥5,999",-,大阪府吹田市江坂町2-3-4
結月庵そじ坊 ららぽーとEXPOCITY店,万博記念公園駅 462m,そば、居酒屋,店内製麺の本格信州そばと黄金色のお出汁が自慢◆生わさびで味わう一杯,3.07,80,424,"￥1,000～￥1,999","￥1,000～￥1,999",大阪府吹田市千里万博公園2-1 ららぽーとEXPOCITY 2F
寅次郎 2号店,吹田（ＪＲ）駅 299m,居酒屋、海鮮、天ぷら,吹田駅5分♪市場から仕入れる新鮮な鮪や居酒屋料理、コース、ドリンクを【驚安価格】でご提供！,3.05,5,115,"￥2,000～￥2,999",-,大阪府吹田市昭和町10-17 タイホウドウビル 201
博多流 神屋,江坂駅 591m,もつ鍋、居酒屋、海鮮,江坂駅4分/絶品博多もつ鍋＆熊本直送馬刺し他、九州料理に舌鼓♪お得なコース予約も大歓迎！,3.09,40,1613,"￥4,000～￥4,999",-,大阪府吹田市江坂町2-1-8 江坂ハイデンス 1F
焼鳥と博多名物野菜巻串 焼きんしゃい 江坂店,江坂駅 49m,居酒屋、焼き鳥、鍋,［江坂駅より徒歩１分！］使い勝手の良いコスパ最高な居酒屋！飲み放題付コース3850円～,3.18,56,1671,"￥3,000～￥3,999",-,大阪府吹田市江坂町1-23-37 グウ江坂ビル 2F
旬菜山﨑 竹谷店,吹田市,日本料理,熟練の職人が丁寧に作る、季節の移ろいを映したコース料理と選りすぐりの美酒に舌鼓。特別な日に,3.6,51,3221,"￥10,000～￥14,999","￥6,000～￥7,999",大阪府吹田市竹谷町36-17
おいしい生ビールのお店 黒日果,江坂駅 448m,居酒屋,ビール好き必見！レンガ調のお洒落空間でアサヒ「マルエフ樽生」と特製おつまみを堪能◆,3.32,52,1395,"￥3,000～￥3,999",～￥999,大阪府吹田市垂水町3-24-14 1F
焼鳥のヒナタ JR吹田駅前店,吹田（ＪＲ）駅 202m,焼き鳥、丼,吹田駅2分◆国産鶏を厳選！本格炭火焼鳥をリーズナブルに♪ランチや昼飲み◎お一人様もお気軽に,3.31,55,1131,"￥2,000～￥2,999",～￥999,大阪府吹田市朝日町5-17
魚食処 一豊 服部緑地公園店,緑地公園駅 407m,海鮮、ふぐ、かに,旬の魚を様々な方法で調理し、お客様へ◎鮮魚満載のコース・昼夜問わず楽しめる定食がおすすめ＊,3.45,183,6561,"￥2,000～￥2,999","￥1,000～￥1,999",大阪府吹田市春日1-1-1 TATSUMI緑地公園101
地鶏・和食 個室居酒屋 鶏心 江坂本店,江坂駅 102m,居酒屋、ダイニングバー、海鮮,【個室完備】◆歓送迎会宴会大歓迎◆喫煙可(個室のみに分煙にてOK)紙たばこOK）,3.06,43,1632,"￥3,000～￥3,999",-,大阪府吹田市豊津町9-15 光進ビル 7F
ぢどり亭 江坂店,江坂駅 111m,鳥料理、焼き鳥、居酒屋,【御堂筋線江坂駅2分】コスパ抜群！リーズナブルでボリューム満点の鶏料理を楽しめる◎貸切OK,3.04,32,703,"￥2,000～￥2,999",-,大阪府吹田市江坂町1-22-10 第一梓ビル　２Ｆ
DEARBROS.,関大前駅 265m,アメリカ料理、ハンバーグ、ダイニングバー,【阪急関大前駅3分】昼から食べて飲める！本格アメリカ料理を気軽に楽しめるダイニングバー,3.09,37,1854,"￥2,000～￥2,999",～￥999,大阪府吹田市千里山東1-7-28
フォルクス 江坂店,江坂駅 181m,ファミレス、ステーキ、ハンバーグ,どなたにもお気軽にお楽しみいただけるごちそう☆★ステーキを食べるなら断然【VOLKS】,3.1,83,684,"￥1,000～￥1,999",～￥999,大阪府吹田市江の木町2-1 クロッシング江坂 2F
江坂海鮮食堂 おーうえすと,江坂駅 210m,居酒屋、海鮮、寿司,江坂駅すぐ！昼飲み大歓迎✨11:30からずっと開いてる海鮮食堂！旬魚旬菜の逸品が豊富！,3.32,117,3582,"￥3,000～￥3,999",～￥999,大阪府吹田市広芝町9-31
くいもの屋わん 江坂駅前店,江坂駅 46m,居酒屋、日本料理、海鮮,【江坂駅徒歩1分】旬の食材と多彩な創作料理を堪能できる個室居酒屋｜宴会個室40名様迄可,3.03,25,750,"￥3,000～￥3,999",-,大阪府吹田市江坂町1-23-37 西浦江坂ビル 3Ｆ
板前焼肉一笑 江坂店,江坂駅 58m,焼肉、居酒屋、ホルモン,肉の楽しみ方をデザイン◎コスパ最強焼肉◎黒毛和牛を多様な味わいと最高の空間で☆24時迄営業,3.14,64,1818,"￥5,000～￥5,999",-,大阪府吹田市江坂町1-23-35 1F
神楽揚処 本 串家 ららぽーとEXPOCITY店,万博記念公園駅 462m,串揚げ、居酒屋、ビュッフェ,【ららぽーとEXPOCITY 1F】揚げる楽しさ、選ぶわがまま！ すべてのメニューが食べ放題！,3.03,39,512,"￥2,000～￥2,999","￥2,000～￥2,999",大阪府吹田市千里万博公園23-17 ららぽーとEXPOCITY 1F
個室居酒屋 和食郷土料理 玄屋 江坂駅前店,江坂駅 105m,居酒屋、ダイニングバー、鳥料理,【個室完備】【大人数宴会も◎】【当店分煙の為、お席にて紙たばこ・電子たばこ吸えます】,3.06,20,1042,"￥3,000～￥3,999",-,大阪府吹田市豊津町9-15 光進ビル 7F
しゃぶしゃぶすき焼どん亭 江坂店,江坂駅 120m,しゃぶしゃぶ、すき焼き、日本料理,牛肉を和風に楽しめるお店★シンプルで奥深い「しゃぶしゃぶ」と「すき焼き」の楽しみを当店で。,3.06,65,1027,"￥2,000～￥2,999",～￥999,大阪府吹田市豊津町10-11 池上ビル　２Ｆ
酒菜とうどん 飩燗,江坂駅 470m,居酒屋、日本料理、うどん,隠れ家的な雰囲気抜群の割烹居酒屋！日本酒４０種、季節の一品料理も多数！ 〆は自家製うどんで！,3.38,119,3510,"￥5,000～￥5,999","￥1,000～￥1,999",大阪府吹田市江の木町15-5 ライブステーション江坂 1F
江坂鮨バル おーうえすと,江坂駅 84m,寿司、バル、居酒屋,【六角Brand】の原点がここに。隠れ家な店内で繰り広げる拘りの江戸前鮨ダイニング,3.32,103,4286,"￥5,000～￥5,999",-,大阪府吹田市江坂町1-23-17
あか瀬,江坂駅 55m,居酒屋、鍋、韓国料理,《江坂エリアで注目のコスパ◎》江坂駅すぐ！雰囲気自慢の完全個室■鍋とチキンの食べ放題専門店,3.04,7,515,"￥3,000～￥3,999",-,大阪府吹田市豊津町9-16 第1ロンヂェビル 2F
天に昇るudon dining 江坂本店,江坂駅 489m,うどん、天ぷら、居酒屋,旨み凝縮のダシと国産小麦自家製うどん！居心地良い空間で一品やお酒も楽しめるうどんダイニング,3.4,79,2196,"￥1,000～￥1,999",～￥999,大阪府吹田市豊津町17-19 グリーンハイム江坂 104
海鮮居酒屋 赤富士,江坂駅 55m,居酒屋、海鮮、寿司,江坂駅徒歩１分 個室 海鮮とお寿司 喫煙席・禁煙席あり,3.18,54,1609,"￥3,000～￥3,999",-,大阪府吹田市豊津町9-16 第一ロンヂェビル B1F
鶏居酒屋 るーつ 江坂店,江坂駅 439m,居酒屋、鳥料理、水炊き,江坂駅5分◆二大名物「しちりん焼き」と「博多水炊き」を堪能！飲み会、歓送迎会◎個室完備,3.09,22,902,"￥3,000～￥3,999",～￥999,大阪府吹田市江の木町8-12 足立第2ビル 1F
わら焼きと海鮮 太郎丸 江坂店,江坂駅 74m,海鮮、居酒屋,江坂駅1分◆名物わら焼きなど高知の料理を満喫！お得なコースが多彩◎屋形船をイメージした空間,3.31,85,2014,"￥4,000～￥4,999",-,大阪府吹田市江坂町1-23-33 第７マイダビル　Ｂ１Ｆ
咲蘭,岸辺駅 109m,焼肉、韓国料理、ホルモン,【岸辺駅前/全席完全個室】黒毛和牛焼肉に舌鼓…自慢の逸品料理やコース3980円(税別)～,3.09,19,527,"￥5,000～￥5,999",-,大阪府吹田市岸部南1-25-7 33番館ビル 2F
穴子印 江坂海鮮天婦羅 おーうえすと,江坂駅 111m,天ぷら、海鮮,現代天婦羅と割烹料理の融合が五感に響く,3.52,81,4430,"￥8,000～￥9,999",-,大阪府吹田市江坂町1-22-10 第一梓ビル1-B
焼肉 千里藤白台 牛の膳,吹田市,焼肉、ホルモン、ステーキ,北九州産の黒毛和牛を中心に上質な焼肉を堪能◎高級感あふれる空間でリーズナブルに焼肉を楽しむ,3.18,38,850,"￥4,000～￥4,999","￥1,000～￥1,999",大阪府吹田市藤白台5-7-68
RESTAURANT BAR Down-D,江坂駅 92m,ダイニングバー、イタリアン、バー,≪江坂駅8番出口すぐ≫雰囲気抜群の老舗ダイニングbarでパーティ・二次会◆VIPルーム有◆,3.08,23,829,"￥3,000～￥3,999",-,大阪府吹田市豊津町9-22 　Ｂ１Ｆ
かに道楽 江坂店,江坂駅 158m,かに、海鮮、日本料理,【江坂駅徒歩3分】「味良く、値ごろで、親切に」をモットーに、至高の「かに料理」をご提供,3.08,92,795,"￥8,000～￥9,999","￥3,000～￥3,999",大阪府吹田市江坂町1-22-1
宮崎地鶏炭火焼 車 江坂店,江坂駅 84m,焼き鳥、居酒屋、鳥料理,"▪️ 新年会受付中 2H飲み放題付コース「5,000円〜」小〜大人数の個室充実の老舗の地鶏料理",3.11,125,3529,"￥4,000～￥4,999",-,大阪府吹田市豊津町9-44 ハートランド江坂 2Ｆ
魚座 沖のや,江坂駅 256m,日本料理、ふぐ、創作料理,名物『鯛めし』や日替わり朝獲れ鮮魚・野菜を会席で堪能！個室も完備。冬の味覚”ふぐ”を満喫,3.38,128,6192,"￥5,000～￥5,999","￥1,000～￥1,999",大阪府吹田市江の木町3-11 第3ロンヂェビル 2F
カノビアーノ アネックス,江坂駅 688m,イタリアン、パスタ、ダイニングバー,オリーブオイルを使った和食のような、イタリア料理の神髄を五感で味わう,3.63,165,8549,"￥8,000～￥9,999","￥4,000～￥4,999",大阪府吹田市芳野町13-10 アメニティ江坂内　MiaViaアトリエ棟1F
花菱,江坂駅 84m,居酒屋、鉄板焼き、馬肉料理,江坂 駅スグ！特選食材を鉄板料理で味わえる居酒屋。多種多様な 完全個室 は密をさけるのに最適。,3.08,24,1946,"￥4,000～￥4,999",～￥999,大阪府吹田市豊津町9-44 ハートランド江坂ビル ２F
やきとりの扇屋 江坂店,江坂駅 215m,焼き鳥、居酒屋,美味しいやきとりと居酒屋料理が自慢！新鮮で上質な食材で料理したメニューはどれも絶品です！,3.01,14,260,"￥2,000～￥2,999",-,大阪府吹田市江坂町1-17-21
あたぼうや 江坂店,江坂駅 100m,居酒屋、焼き鳥、海鮮,江坂駅0分★個室居酒屋 2名～170名様まで個室完備！,3.16,67,877,"￥3,000～￥3,999","￥3,000～￥3,999",大阪府吹田市豊津町9-15 光進ビル 8F-B
えさか堂 江坂本店,江坂駅 100m,居酒屋、焼き鳥、寿司,個室完備☆『寿司』『肉寿司』『炭火焼鳥』『肉汁餃子』『和食料理』全200種食べ飲み放題！！,3.09,36,771,"￥3,000～￥3,999","￥3,000～￥3,999",大阪府吹田市豊津町9-15 光進ビル 8F-B
和牛焼肉 だいこく家 吹田岸辺店,岸辺駅 810m,焼肉、居酒屋、ホルモン,ランチから新鮮なレバー、生センマイ有り【奥に半個室】4名様〜36名様団体宴会席有り◆,3.22,42,1032,"￥4,000～￥4,999","￥1,000～￥1,999",大阪府吹田市岸部北3-6-32
カプリチョーザ ららぽーとEXPOCITY店,万博記念公園駅 478m,イタリアン、パスタ、ピザ,各種イタリア料理が楽しめる、陽気で明るい南イタリアのトラットリアタイプのレストラン,3.07,41,245,"￥1,000～￥1,999","￥1,000～￥1,999",大阪府吹田市千里万博公園2-1 ららぽーとEXPOCITY 1F
旬魚旬菜 びんびや 江坂店,江坂駅 90m,海鮮、居酒屋、鍋,自慢の海鮮たっぷり！個室宴会★飲み放題付き宴会コースやお得な単品飲み放題も！,3.14,45,1513,"￥3,000～￥3,999",-,大阪府吹田市江坂町1-23-19
BARBARA EXPO RESTAURANT,万博記念公園駅 448m,カフェ、イタリアン、洋食,【EAT LOCAL AWAJI】淡路島の食材を使ったフェアー開催中！！,3.47,287,8761,"￥1,000～￥1,999","￥1,000～￥1,999",大阪府吹田市千里万博公園2-1 ららぽーとEXPOCITY 2F
焼肉あさだ,江坂駅 506m,焼肉、ホルモン、居酒屋,【厳選和牛と八代目儀兵衛の特選米】 お得なセットや飲み放題付き宴会メニュー有り！ 喫煙可◎,3.15,43,2211,"￥5,000～￥5,999","￥1,000～￥1,999",大阪府吹田市豊津町17-24 1F
地鶏専門 おちば屋 江坂本店,江坂駅 71m,焼き鳥、鳥料理、居酒屋,江坂駅すぐ◆こだわりの河内鴨や丹波地どりに舌鼓！飲み会やご宴会にはいいとこ全部のコースが◎,3.44,246,10955,"￥5,000～￥5,999",-,大阪府吹田市江坂町1-23-33 第７マイダビル　２Ｆ
目利きの銀次 江坂駅前店,江坂駅 76m,居酒屋、海鮮、創作料理,磯の香りと活気あふれる楽しい空間◆新鮮な海の幸と充実のドリンクをリーズナブルに満喫♪,3.03,30,509,"￥2,000～￥2,999",-,大阪府吹田市豊津町9-2 香川平安ステーションビル 2F
磯一 江坂店,江坂駅 278m,居酒屋、海鮮、鍋,紀州・串本他全国各地から直送の朝獲れ鮮魚を堪能！掘り炬燵席の大小個室完備◎ご宴会は磯一で◎,3.4,150,5614,"￥3,000～￥3,999",-,大阪府吹田市豊津町15-17 ライオンズマンション第６江坂　１Ｆ
ナマステ 吹田店,吹田（ＪＲ）駅 330m,インドカレー、インド料理、ネパール料理,【吹田駅5分】種類豊富なカレーやインドのドリンクなど満喫◎貸切パーティーも可能,3.14,36,383,"￥1,000～￥1,999",～￥999,大阪府吹田市片山町3-18-1
優行扉,吹田市,バー,,3.04,3,74,"￥2,000～￥2,999",-,大阪府吹田市五月が丘北3-15 グリーンプラザ 2F
和牛焼肉 平城苑 EXPOCITY店,万博記念公園駅 429m,焼肉、ホルモン、居酒屋,,3.08,93,960,"￥3,000～￥3,999","￥1,000～￥1,999",大阪府吹田市千里万博公園2-1 ららぽーとEXPOCITY
ゆきち,千里丘駅 448m,居酒屋,,3.05,5,81,"￥3,000～￥3,999",-,大阪府吹田市長野東17-20
江坂イタリアン ラッポルティ,江坂駅 228m,イタリアン、パスタ、ピザ,【江の木公園向かい】開放的な空間と素材にも味にもこだわったシェフ自慢のイタリアンは絶品♪,3.44,255,12569,"￥3,000～￥3,999","￥1,000～￥1,999",大阪府吹田市江ノ木町2-32
Estate,吹田（ＪＲ）駅 257m,イタリアン、ワインバー、バー,【吹田駅3分】小皿で提供する美味しいイタリアン×ソムリエ厳選のワインを心地よい空間で◎,3.05,11,386,"￥4,000～￥4,999",-,大阪府吹田市昭和町10-3 竹国吹田駅前ビル 1F
串焼き串カツ まさやん,千里丘駅 464m,串焼き、串揚げ、居酒屋,,3.07,7,237,"￥3,000～￥3,999",-,大阪府吹田市長野東18-4
あらい,江坂駅 431m,日本料理、居酒屋、その他,江坂駅5分◆アットホームな空間で旬の鮮魚や日替わりのおばんざいを楽しむ◎座敷個室は宴会にも,3.21,51,1027,"￥3,000～￥3,999",～￥999,大阪府吹田市垂水町3-24-14
おやさい山 丹ノ菜 TERAO,万博記念公園駅 463m,野菜料理、日本料理,,3.26,51,871,"￥2,000～￥2,999","￥1,000～￥1,999",大阪府吹田市千里万博公園2-1 ららぽーとEXPOCITY 1F
居酒屋 一歩,吹田市,居酒屋,【貸切可能】定番から日替わりまで多彩なメニューと店主が厳選した日本酒を堪能◎,3.04,4,58,"￥3,000～￥3,999","￥2,000～￥2,999",大阪府吹田市五月が丘南32-1 ハイタウン樽澤 108
串カツ もんじゃ ひまわり 江坂店,江坂駅 76m,居酒屋、串揚げ、もんじゃ焼き,江坂駅直結！大阪名物串カツと東京名物もんじゃが食べられるお店！喫煙専用室有り！,3.14,58,1163,"￥2,000～￥2,999",～￥999,大阪府吹田市豊津町9-15 3F
酒と肴 麦々,桃山台駅 362m,居酒屋,,3.02,1,69,-,-,大阪府吹田市竹見台3-6-1 アベニュースクウェア 1F
大衆道楽割烹 三代目 あかつ,江坂駅 58m,居酒屋、海鮮、おでん,【江坂駅前】和食料理人自慢の海鮮×逸品居酒屋/コスパ重視/ランチ900円/飲み放題900円,3.26,38,1338,"￥3,000～￥3,999",～￥999,大阪府吹田市江坂町1-23-35 コーポ江坂ビル 2F
ニュータージマハルエベレスト 関大前店,関大前駅 320m,インド料理、ビュッフェ、インドカレー,関大前駅3分◆インド直送のスパイスで仕上げる本格カレー◎学生ランチは破格の780円！！,3.05,18,277,"￥1,000～￥1,999","￥1,000～￥1,999",大阪府吹田市千里山東1-17-48
ボッチデビッラ,江坂駅 347m,イタリアン、パスタ、居酒屋,昼は街のパスタ屋さん、夜はおうちのイタリアン♪会社帰りのサク飲みも歓迎のアットホームな空間,3.39,146,6389,"￥5,000～￥5,999","￥1,000～￥1,999",大阪府吹田市豊津町12-26 サクセス江坂 1F
一食一笑 小鉄,吹田（ＪＲ）駅 446m,居酒屋、海鮮,真心込めた手作り料理が楽しめる、アットホームな雰囲気の居酒屋◆昼飲み歓迎！各種宴会にも◎,3.04,5,105,"￥4,000～￥4,999",～￥999,大阪府吹田市昭和町14-23
焼肉処 葡萄匠屋 吹田店,吹田市,焼肉、ホルモン、ファミレス,ファミリー大歓迎！落ち着いた空間、半個室や座敷。雌牛長期肥育の焼肉屋,3.19,35,922,"￥4,000～￥4,999","￥2,000～￥2,999",大阪府吹田市岸部北5-31-6
おでん居酒屋 まんぷく,江坂駅 314m,居酒屋、日本料理、おでん,【江坂徒歩5分】おばんざい料理に居酒屋料理、旬野菜料理など豊富に取り揃えています。,3.07,11,517,"￥3,000～￥3,999",-,大阪府吹田市江坂町1-21-39
北海道 知床漁場 吹田店,吹田（ＪＲ）駅 478m,海鮮、居酒屋、鍋,【JR吹田駅より徒歩7分】産地直送！鮮魚と相性抜群のお酒もご用意◎各種宴会コースも,3.2,59,923,"￥3,000～￥3,999","￥1,000～￥1,999",大阪府吹田市片山町2-3-15 吹田グリーンプレイス
磯一 山田店,万博記念公園駅 858m,居酒屋、海鮮、鍋,紀州をはじめとした日本全国の、産直の朝どれピチピチ天然魚や新鮮な食材が自慢！ご宴会にも◎,3.25,59,2719,"￥3,000～￥3,999",-,大阪府吹田市山田東4-1-9
パリワール 関大前店,関大前駅 329m,インド料理、インドカレー、ビュッフェ,,3.07,31,452,"￥1,000～￥1,999",～￥999,大阪府吹田市千里山東1-14-5 パティオ千里山　１Ｆ
鉄板グリル をかし,吹田（ＪＲ）駅 181m,居酒屋、中華料理、鳥料理,,3.07,12,791,"￥3,000～￥3,999",-,大阪府吹田市元町4-10
LIBRE,江坂駅 520m,カレー,【江坂駅5分】熟成キーマカレー専門店◆コクと旨味がクセになる新しい味！お仕事終わりにも◎,3.06,7,204,"￥1,000～￥1,999","￥1,000～￥1,999",大阪府吹田市芳野町1-23 MODERN BUREAU 101
J.S. BURGERS CAFE ららぽーとEXPOCITY店,万博記念公園駅 514m,ハンバーガー、カフェ、ダイニングバー,,3.4,217,2986,"￥1,000～￥1,999","￥1,000～￥1,999",大阪府吹田市千里万博公園2-1 ららぽーとEXPOCITY 1F
ヒマラヤ,江坂駅 514m,ネパール料理、居酒屋、カレー,【江坂駅6分】本場のネパール料理や本格インドカレーを満喫◎お得な食べ飲み放題コース有り！,3.2,45,835,"￥2,000～￥2,999","￥1,000～￥1,999",大阪府吹田市垂水町3-25-25
華nois,吹田市,中華料理,洗練された空間で、旬彩や銘柄肉の良さを生かす中華料理を堪能。普段使いにも。個室・貸切可,3.21,31,1451,"￥5,000～￥5,999","￥2,000～￥2,999",大阪府吹田市山田西2-1-6 千里ツインハイツⅠ 1F
マイード ドゥエーベ,江坂駅 358m,イタリアン、パスタ,,3.36,116,4518,"￥5,000～￥5,999","￥1,000～￥1,999",大阪府吹田市垂水町3-30-13 ライブビルディング 101
パプリカ,吹田（ＪＲ）駅 330m,インド料理、ネパール料理,,3.13,29,328,-,"￥1,000～￥1,999",大阪府吹田市朝日町27-7 正田ビル 1F
串盧,江坂駅 243m,串揚げ、創作料理、日本料理,【江坂駅より3分】上質な空間で、カウンター越しにお届けする手間ひまかけた串揚げ を,3.23,38,1597,"￥4,000～￥4,999",-,大阪府吹田市江坂町1-18-18 江坂パークビル103
Vitalezza Kitchen 吹田SST店,岸辺駅 726m,カフェ,,3.1,23,306,"￥1,000～￥1,999","￥1,000～￥1,999",大阪府吹田市岸部中5-1-1 オアシスタウン吹田SST 1F
親味,吹田（阪急）駅 364m,そば、うどん、丼,,3.09,25,438,"￥1,000～￥1,999",～￥999,大阪府吹田市内本町1-10-11
とん助,千里丘駅 584m,焼肉、ホルモン,,3.09,36,4344,"￥3,000～￥3,999",-,大阪府吹田市長野東14-1
海心丸 JR岸辺店,岸辺駅 107m,居酒屋、海鮮、寿司,,3.16,26,499,"￥3,000～￥3,999",-,大阪府吹田市岸部南1-25-7 33番館 1F
Bar 日果,江坂駅 74m,バー、ダイニングバー、バル,,3.14,16,730,"￥4,000～￥4,999",-,大阪府吹田市江坂町1-23-33 第7 マイダビル　３F
ニュータージマハルエベレスト 北千里店,北千里駅 137m,インドカレー,,3.13,32,274,"￥1,000～￥1,999",～￥999,大阪府吹田市古江台4-119 ディオス8番館 103
李朝園 江坂店,江坂駅 87m,韓国料理、焼肉、居酒屋,,3.09,117,1804,"￥4,000～￥4,999",～￥999,大阪府吹田市豊津町9-40 江坂東急ビル B1F
徳ちゃん？,南吹田駅 669m,お好み焼き、居酒屋、鍋,,,2,,"￥2,000～￥2,999",-,大阪府吹田市穂波町15-26
呑み食い処 鉄ちゃん,岸辺駅 245m,居酒屋、鍋、海鮮,,3,3,228,"￥2,000～￥2,999",-,大阪府吹田市岸部南1-24-8
明石八 江坂店,江坂駅 47m,居酒屋,江坂駅1分◆漁港直送の鮮魚が自慢♪種類豊富なお酒はリーズナブルな価格！こだわりの日本酒も◎,3.35,162,3568,"￥2,000～￥2,999",～￥999,大阪府吹田市江坂町1-23-37 グウビル 1F
炭火焼鳥 喜心 江坂店,江坂駅 400m,焼き鳥、居酒屋、バル,,3.14,27,951,"￥4,000～￥4,999",-,大阪府吹田市江の木町8-27
炭火焼鳥 晩酌 櫻,吹田（ＪＲ）駅 257m,居酒屋、焼き鳥,【吹田駅2分】淡路島産鶏使用！自慢の焼鳥と夜定食が楽しめる居酒屋◆仕事帰りやデートにも◎,,1,39,"￥3,000～￥3,999",-,大阪府吹田市昭和町10-22
VAMOS TACOS ESK,江坂駅 472m,タコス,【江坂駅5分】タコスを中心とした多国籍フードをアットホームな空間で♪月に一度イベント開催◎,3.15,12,782,"￥3,000～￥3,999",～￥999,大阪府吹田市江坂町2-4-25 GSハイム第2江坂 1F
旬彩 壱,相川駅 599m,居酒屋,,3.06,8,116,-,-,大阪府吹田市内本町3-1-9
鰻の寝床 うな福,吹田市,うなぎ,,3.15,23,350,"￥2,000～￥2,999","￥2,000～￥2,999",大阪府吹田市山田東2-9-14
とろけるハンバーグ福よし 大阪江坂店,江坂駅 198m,ハンバーグ,【江坂駅3分】国産牛100%のハンバーグが絶品♪仕事帰りや家族団らんに◎飲み放題もあり！,3.31,50,1601,"￥3,000～￥3,999","￥2,000～￥2,999",大阪府吹田市広芝町10-28 オーク江坂ビル 1F
炭焼屋 肉もん,吹田（ＪＲ）駅 657m,焼肉、ホルモン,,3.05,11,359,"￥5,000～￥5,999",-,大阪府吹田市日の出町1-4
カトマンドゥカリー PUJA 吹田店,吹田市,インド料理、インドカレー,アットホームな空間で一流シェフが手掛ける本場ネパールの味を再現した自家製手作りカレーを堪能,3.08,51,1017,"￥2,000～￥2,999",～￥999,大阪府吹田市山田南30-15
大同門 江坂店,江坂駅 95m,焼肉、居酒屋、韓国料理,【江坂駅1分】ご奉仕価格でご提供中！黒毛和牛A5雌牛カルビが680円(税込748円)♪,3.31,215,4061,"￥4,000～￥4,999","￥1,000～￥1,999",大阪府吹田市豊津町9-22 大同門本部ビル　２・３Ｆ
焼鶏 誠,吹田（ＪＲ）駅 535m,焼き鳥、鍋、居酒屋,12月23日〜12月25日はお休み頂きます。年末年始は空いています。,3.08,17,392,"￥3,000～￥3,999",-,大阪府吹田市内本町2-1-11
カレー&ナン Tandoor,吹田市,インドカレー、カフェ、居酒屋,,3.13,28,625,"￥1,000～￥1,999","￥1,000～￥1,999",大阪府吹田市山田東2-17-1
エペ クープ,吹田（ＪＲ）駅 147m,とんかつ、日本料理、食堂,,3.64,374,19104,"￥3,000～￥3,999","￥1,000～￥1,999",大阪府吹田市元町5-5
広島お好み焼・鉄板焼 かん吉,南千里駅 532m,お好み焼き,,3.17,42,1068,"￥2,000～￥2,999","￥1,000～￥1,999",大阪府吹田市千里山西6-60-9
炭火焼鳥 百星,豊津駅 672m,焼き鳥,,3.25,65,2851,"￥3,000～￥3,999","￥1,000～￥1,999",大阪府吹田市垂水町1-40-5
焼肉こじま離れ 大阪江坂,江坂駅 77m,焼肉、ホルモン、ハンバーグ,肉屋が通う焼肉屋さん焼肉こじま！,3.16,45,1399,"￥5,000～￥5,999","￥1,000～￥1,999",大阪府吹田市江坂町1-23-17
酒と肴 カキツバタ,江坂駅 291m,居酒屋、海鮮、日本酒バー,江坂駅3分◆厳選された鮮魚のお造りや逸品料理を、多彩な日本酒とカジュアルにお楽しみください,3.33,74,3309,"￥4,000～￥4,999",-,大阪府吹田市江の木町2-15
黒毛和牛 藤屋,吹田市,焼肉、ホルモン,【1970年創業】世代を超えて愛される老舗焼肉店 郊外では嬉しい全席個室、提携駐車場有り◎,3.55,143,5209,"￥6,000～￥7,999",-,大阪府吹田市原町4-6-16
SAGUN,江坂駅 783m,インド料理、ネパール料理,,3.15,13,127,"￥1,000～￥1,999","￥1,000～￥1,999",大阪府吹田市南金田2-26-28 1F
きごころ 2号店,江坂駅 498m,焼き鳥、居酒屋、鳥料理,,3.15,16,316,"￥2,000～￥2,999",～￥999,大阪府吹田市江坂町2-6-14
炭火焼肉じゃけぇ 江坂内環通り店,豊津駅 797m,焼肉、ホルモン、居酒屋,名物「5秒ロース」をはじめ上質な黒毛和牛をリーズナブルに◆ご家族連れ歓迎◎近隣に駐車場も有,3.12,17,196,"￥4,000～￥4,999",-,大阪府吹田市金田町28-20
八剣伝 阪急千里山駅前店,千里山駅 51m,居酒屋、焼き鳥、鳥料理,【千里山駅徒歩1分】本格炭火焼鳥が自慢！グループでもお一人様でも大歓迎です♪,3.01,11,169,"￥2,000～￥2,999",-,大阪府吹田市千里山西5丁目2-5 第１加藤ビル１F
居酒屋 こーじぃ～,吹田（ＪＲ）駅 187m,居酒屋,【吹田駅1分】絶品料理をアテに楽しく飲める、リーズナブルな大衆居酒屋！サク飲み・宴会に◎,3.06,6,114,"￥2,000～￥2,999",-,大阪府吹田市朝日町2 JR吹田駅 さんくす2番街
アトランティック ららぽーとEXPOCITY店,万博記念公園駅 463m,洋食、ビュッフェ,,3.29,81,1756,"￥2,000～￥2,999","￥2,000～￥2,999",大阪府吹田市千里万博公園2-1 ららぽーとEXPOCITY 2F
居酒屋 じもと,相川駅 845m,居酒屋,気軽に過ごせるアットホームな店内◆毎日市場から仕入れる新鮮な魚介など豊富なメニューをご用意,3.06,6,163,"￥3,000～￥3,999",-,大阪府吹田市末広町21-53 1F
ええとこどり,吹田（ＪＲ）駅 576m,焼き鳥,,3.04,2,20,"￥3,000～￥3,999",-,大阪府吹田市片山町1-25-9
yakki鶏,千里丘駅 520m,焼き鳥、居酒屋、パスタ,千里丘駅6分◆新鮮な朝引き淡路鶏や〆の麺など多彩なメニューを満喫！仕事帰りや家族団らんに◎,3.08,16,720,"￥4,000～￥4,999",-,大阪府吹田市長野東16-3 ナンノvol.13長野東コーポラス 101
マハル,吹田市,インド料理、ネパール料理、インドカレー,,3.14,14,152,"￥1,000～￥1,999",～￥999,大阪府吹田市山田西2-4-9
MAISON NAKAKO,千里山駅 505m,フレンチ,千里山の閑静な住宅街に佇むフレンチダイニング,3.33,41,2114,"￥8,000～￥9,999","￥4,000～￥4,999",大阪府吹田市千里山竹園1-21-4 メリーヒル緑地公園
鶴橋風月 江坂店,江坂駅 45m,お好み焼き、焼きそば、居酒屋,【宴会利用も◎】鶴橋発祥の老舗の味！人気の「チーたまぶたモダン」やお酒に合う逸品料理の数々,3.04,50,758,"￥2,000～￥2,999","￥1,000～￥1,999",大阪府吹田市豊津町9-16 第一ロンヂェビル 2F
洋食惣菜バル URRA-RA,吹田（ＪＲ）駅 236m,バル、カフェ、ハンバーグ,【JR吹田駅徒歩1分】 近江牛ハンバーグやパスタなどに加えスイーツも楽しめる洋食惣菜バル,3.09,13,455,"￥3,000～￥3,999","￥1,000～￥1,999",大阪府吹田市朝日町13-2
焼鳥居酒屋 一文字 吹田店,吹田（ＪＲ）駅 200m,焼き鳥、居酒屋、串揚げ,,3.09,22,567,"￥3,000～￥3,999",-,大阪府吹田市昭和町6-14
RED&red,吹田（ＪＲ）駅 262m,海鮮,,3.09,12,486,"￥4,000～￥4,999","￥1,000～￥1,999",大阪府吹田市元町6-12
明石八 江坂店 別館,江坂駅 40m,居酒屋,江坂駅1分◆漁港直送の鮮魚が自慢♪種類豊富なお酒はリーズナブルな価格！こだわりの日本酒も◎,3.08,16,334,"￥2,000～￥2,999",-,大阪府吹田市江坂町1-23-27 グウビル 1F
海鮮処　はまとら,江坂駅 315m,居酒屋、海鮮、天ぷら,【良質×低価格】鮮度にこだわる海鮮居酒屋◎幹事様必見！お得なコース、クーポンあり。,3.13,30,1206,"￥4,000～￥4,999",-,大阪府吹田市江の木町17-37 シティーコープ江坂 1F
ディルクス,吹田市,インド料理、ネパール料理、カレー,,3.08,20,389,"￥1,000～￥1,999",～￥999,大阪府吹田市岸部北5-39-17-102
TRICOLORE,江坂駅 504m,イタリアン,【貸切可】フラっと気軽に立ち寄れるイタリア料理店！こだわりのイタリアンとワインを堪能◎,3.21,25,803,"￥4,000～￥4,999",～￥999,大阪府吹田市豊津町18-21 月見ハウス
屋台居酒屋 大阪 満マル 吹田樫切山店,吹田市,居酒屋,,3.03,15,275,"￥2,000～￥2,999",～￥999,大阪府吹田市山田西1-1-11
錦わらい 佐井寺店,南千里駅 997m,お好み焼き、鉄板焼き、焼きそば,,3.06,51,489,"￥1,000～￥1,999",～￥999,大阪府吹田市佐井寺3-14-36
フォルテソーレ,江坂駅 720m,ダイニングバー、ステーキ、イタリアン,,3.02,3,147,"￥3,000～￥3,999",-,大阪府吹田市江の木町24-19 江坂はなヴィラ 1F
しちりん焼肉 若葉屋 江坂店,江坂駅 129m,焼肉、ホルモン、居酒屋,【江坂駅近】福島で人気のあの若葉屋が登場♪コスパ抜群の焼肉を！飲み放題付4300円～！,3.14,29,988,"￥4,000～￥4,999",-,大阪府吹田市江坂町1-22-23 江坂中央ビル 2F
讃岐うどん四八,江坂駅 436m,うどん、うどんすき、天ぷら,,3.53,276,8704,～￥999,～￥999,大阪府吹田市垂水町3-29-2 チサンマンション第５江坂１Ｆ １F
鴨と醸し 鼓道,緑地公園駅 325m,そば、鳥料理、親子丼,お昼はお蕎麦と名物親子丼・夜は鴨鍋や鴨料理、発酵料理。,3.62,588,28593,"￥6,000～￥7,999","￥1,000～￥1,999",大阪府吹田市千里山西4-37-3 1F
天ぷら酒場マコト屋,関大前駅 398m,居酒屋、天ぷら,,,1,33,"￥3,000～￥3,999",-,大阪府吹田市千里山東1-10-20 コスモビル
笙,吹田（ＪＲ）駅 396m,カフェ、居酒屋,,3.02,5,124,-,～￥999,大阪府吹田市片山町1-13-13
焼肉 翔,吹田（ＪＲ）駅 986m,焼肉、ホルモン、居酒屋,,3.05,3,54,"￥5,000～￥5,999",-,大阪府吹田市天道町15-6
きっしゃん,江坂駅 84m,ラーメン、居酒屋,,3.12,50,847,"￥2,000～￥2,999",～￥999,大阪府吹田市江坂町1-23-5 大同生命江坂第2ビル 1F
町中華 光貴,吹田市,中華料理、担々麺、飲茶・点心,ふらりと立ち寄れる町の中華屋さん。“また来るね”が聞きたくて、今日も心を込めて仕込みます。,3.12,21,791,"￥3,000～￥3,999","￥1,000～￥1,999",大阪府吹田市佐井寺南が丘15-8 ヴィオラ千里 1F
しゃぶ庵 南千里店,南千里駅 204m,しゃぶしゃぶ、すき焼き、かに,【南千里駅直結】沖縄直送のパイとんや厳選黒毛和牛のしゃぶしゃぶ・すき焼きを堪能！貸切宴会可,3.05,3,97,"￥4,000～￥4,999","￥1,000～￥1,999",大阪府吹田市津雲台1-2-D9 南千里クリスタルホテル 4F
Bonne humeur,山田駅 702m,ビストロ,,3.18,22,1111,"￥4,000～￥4,999","￥2,000～￥2,999",大阪府吹田市津雲台7-5-11
うな豊 吹田店,吹田市,うなぎ,備長炭で香ばしく焼き上げる、仕込みからこだわった関西風うなぎと種類豊富な一品料理に舌鼓。,3.14,44,800,"￥4,000～￥4,999","￥4,000～￥4,999",大阪府吹田市山田南34-7
お好み焼工房 とん鉄 江坂店,江坂駅 289m,お好み焼き、焼きそば、居酒屋,【江坂駅3分】ここでしか味わえない多彩な鉄板焼きが名物！コスパ抜群なコースは各種宴会に最適,3.41,160,4359,"￥1,000～￥1,999",～￥999,大阪府吹田市広芝町4-32
トゥルヌッソル,江坂駅 435m,フレンチ,,3.31,65,2587,"￥4,000～￥4,999","￥1,000～￥1,999",大阪府吹田市江坂町1-11-2
バードツリー 千里南公園,南千里駅 379m,イタリアン、ピザ、バーベキュー,さぁ、深呼吸。 都会の喧騒を忘れ、北摂の自然を体いっぱいに感じるイタリアンパークレストラン,3.49,494,22280,"￥3,000～￥3,999","￥1,000～￥1,999",大阪府吹田市津雲台1-3-5 千里南公園
ナサラン,吹田（ＪＲ）駅 360m,バル,,3.02,3,63,"￥1,000～￥1,999",-,大阪府吹田市元町7-21 新旭通り商店街
36CHOPPERS,江坂駅 580m,カフェ、バル、弁当,,3.43,78,2619,-,"￥1,000～￥1,999",大阪府吹田市垂水町3-17 第一田中マンション 1F
すえ広,江坂駅 331m,寿司,,3.08,20,353,"￥4,000～￥4,999",-,大阪府吹田市広芝町11-5 GSハイム第1江坂 1F
寿司の刻 漁匠,吹田市,居酒屋、寿司,,3.3,42,882,"￥6,000～￥7,999","￥1,000～￥1,999",大阪府吹田市山田南30-12
Delicious Kitchen EMONDEL,江坂駅 76m,ビュッフェ、ステーキ、イタリアン,【江坂駅9番出口 徒歩1分】メイン料理を選んでサラダ、スープ、パン食べ放題が楽しめるランチ,3.39,108,4047,-,"￥1,000～￥1,999",大阪府吹田市豊津町9-6 新大阪江坂東急ＲＥＩホテル 2F
焼肉・冷麺 豊味園,江坂駅 187m,焼肉、ホルモン、居酒屋,豊味園 江坂店へようこそ。,3.35,155,6093,"￥4,000～￥4,999",-,大阪府吹田市豊津町13-1
哲,江坂駅 259m,焼肉、ホルモン、居酒屋,【江坂駅 徒歩3分】厳選黒毛和牛専門店！お肉の旨味を存分にご堪能ください。,3.5,346,22160,"￥8,000～￥9,999",-,大阪府吹田市江の木町3-11 第3ロンジェビル　1F
カレーや デッカオJr.,江坂駅 73m,カレー,,3.41,94,2411,-,"￥1,000～￥1,999",大阪府吹田市江坂町1-23-33 第7マイダビル 2F
十割蕎麦ハレニチ 千里山店,千里山駅 117m,そば、天ぷら,千里山駅3分◆北海道産石臼挽き粉の十割蕎麦をお手頃価格で。そば粉・そば茶の限定スイーツも◎,3.05,7,118,-,"￥1,000～￥1,999",大阪府吹田市千里山東2-27-14 阪急千里山駅前ウェルビーイングテラス 1F
マーコールカフェ,山田駅 434m,カフェ,,3.15,28,1371,～￥999,"￥1,000～￥1,999",大阪府吹田市山田北11-14 ヴィヴェンテ 1F
Risaku cafe,吹田市,カフェ、ケーキ、イタリアン,手作りケーキや焼き菓子が自慢◆可愛い壁画や雑貨も楽しめる癒しカフェ。Wi-Fi完備◎,3.09,10,677,-,"￥1,000～￥1,999",大阪府吹田市山田西2-1-6 千里ツインハイツ1 102
ハレイロ,関大前駅 334m,カフェ、パンケーキ,,3.22,50,2182,"￥1,000～￥1,999","￥1,000～￥1,999",大阪府吹田市円山町6-30 シマモトビル 1F
餃子酒飯 大阪王 吹田店,吹田（ＪＲ）駅 72m,餃子、中華料理,,3.08,55,764,"￥1,000～￥1,999",～￥999,大阪府吹田市朝日町1-111 吹田さんくす1番館 1F
居酒屋　真,吹田（ＪＲ）駅 143m,居酒屋、水炊き、もつ鍋,,3.04,9,396,"￥2,000～￥2,999",-,大阪府吹田市朝日町5-8 ヤマトビル1階
ココ,吹田市,喫茶店,,,2,,-,-,大阪府吹田市原町4-11-8
かつ工房和幸 ららぽーとEXPOCITY店,万博記念公園駅 442m,とんかつ、日本料理,,3.34,64,507,"￥1,000～￥1,999","￥1,000～￥1,999",大阪府吹田市千里万博公園2-1 ららぽーとEXPOCITY 2F
nord ノルド,山田駅 361m,バー,,3.04,4,373,"￥1,000～￥1,999","￥1,000～￥1,999",大阪府吹田市津雲台6-22-3 トレックビル 1F
カフェ アンド ベイク ベベ,吹田（ＪＲ）駅 593m,カフェ,,3.2,39,1567,-,"￥1,000～￥1,999",大阪府吹田市内本町1-21-7
吉都,吹田市,カフェ、喫茶店,,,1,,-,-,大阪府吹田市吹東町37-30
穂波町 和豊,吹田（阪急）駅 511m,居酒屋,,3.05,7,381,"￥4,000～￥4,999","￥1,000～￥1,999",大阪府吹田市穂波町3-21
新富,吹田市,和菓子,,3.03,8,58,-,-,大阪府吹田市山田南20-23 オークヴィラ村上マンション? 1F
尾道焼 みっか,千里丘駅 595m,お好み焼き,,3.06,7,278,"￥3,000～￥3,999",～￥999,大阪府吹田市長野東14-6
居酒屋 勇,吹田（ＪＲ）駅 117m,居酒屋,,,2,,-,-,大阪府吹田市朝日町2-B1-1-3
うどん食堂太鼓亭 吹田岸部店,吹田市,うどん,,3.11,13,110,-,-,大阪府吹田市岸部北1-3-35
ファミリーマート 吹田山田南店,吹田市,コンビニ・スーパー,,,4,,-,-,大阪府吹田市山田南30-4
ピザーラ 吹田店,吹田市,ピザ,,,1,1,-,-,大阪府吹田市五月が丘南18-5 五月が丘1番館 2F
ジャンカラ 江坂店,江坂駅 220m,カラオケ、その他,,3.04,6,20,-,-,大阪府吹田市豊津町15-9 ピーイングス江坂ビル
モスバーガー 千里丘ミリカ・ヒルズ店,宇野辺駅 978m,ハンバーガー,,3.01,11,86,-,-,大阪府吹田市千里丘北1-17
パティスリー ミル プランタン,吹田市,ケーキ,,3.01,1,39,-,-,大阪府吹田市山田南30-10 光マンション 106
花凛屋,豊津駅 50m,寿司,,,1,,-,-,大阪府吹田市垂水町2-1-24 豊津ファミリーハースB1F
大,豊津駅 27m,焼肉、串焼き,,3.09,16,418,"￥2,000～￥2,999",-,大阪府吹田市垂水町1-1-8 足立ビル 1F
ビック マウンテン エクスプレス,関大前駅 360m,弁当,,3.03,4,110,-,～￥999,大阪府吹田市千里山東1-9-21 中通ハイツ 1F
人類みな飯類 大阪学院大学店,岸辺駅 322m,学生食堂、食堂,,3.06,14,1275,"￥1,000～￥1,999","￥1,000～￥1,999",大阪府吹田市岸部南2-36-1 大阪学院大学 12号館N棟 1F
いちまずし,吹田（ＪＲ）駅 439m,寿司,,,2,,-,-,大阪府吹田市高浜町9-17
アッシェガノ,吹田（ＪＲ）駅 190m,パン,,3.22,29,1387,-,-,大阪府吹田市朝日町5-22 1F
星乃珈琲店 カリーノ江坂店,江坂駅 43m,喫茶店,,3.08,71,454,"￥1,000～￥1,999","￥1,000～￥1,999",大阪府吹田市豊津町9-40 カリーノ江坂 1F
Beer&Cafe Hafen,江坂駅 285m,ダイニングバー、ビアバー,,3.04,15,981,"￥2,000～￥2,999",-,大阪府吹田市江坂町1-20-32 江坂ガーデンハイツ 1F
BAR 18 江坂,江坂駅 344m,バー,,,4,,-,-,大阪府吹田市垂水町3-35-25 レジャービルT&T 4F
ラーメン 池田屋 吹田店,吹田（阪急）駅 236m,ラーメン,,3.55,366,8537,～￥999,～￥999,大阪府吹田市寿町1-3-3
まつむら,相川駅 525m,居酒屋,,,4,,-,-,大阪府吹田市高城町18-34
松屋 吹田店,吹田（ＪＲ）駅 287m,牛丼、カレー、食堂,,3.03,13,44,-,～￥999,大阪府吹田市昭和町10-19
REDEEカフェ,万博記念公園駅 388m,カフェ,,3.02,1,5,-,-,大阪府吹田市千里万博公園2-1
菓匠 千鳥屋 吹田店,吹田（ＪＲ）駅 169m,和菓子,,3.04,5,18,-,-,大阪府吹田市元町5-7
一品料理 山川,吹田（ＪＲ）駅 319m,日本料理,,,1,31,-,-,大阪府吹田市朝日町16-7
千,千里山駅 150m,居酒屋,,3,1,26,-,-,大阪府吹田市千里山西4-9-22
ブルーコーナー,吹田市,ケーキ,,3,5,148,-,-,大阪府吹田市山田西1-36-3
ライフ 吹田泉町店,吹田（阪急）駅 387m,コンビニ・スーパー,,3,5,14,-,-,大阪府吹田市泉町1-22-38
ウインド ベル,吹田（ＪＲ）駅 451m,カフェ,,3.04,4,44,-,～￥999,大阪府吹田市高浜町1-14
粉武士 岸辺店,岸辺駅 107m,たこ焼き、明石焼き、からあげ,,3.18,28,444,"￥2,000～￥2,999",-,大阪府吹田市岸部南1-25-7 33番館 102
ひょうたん寿し 江坂東急店,江坂駅 183m,寿司、海鮮,,3.25,87,1439,"￥6,000～￥7,999",-,大阪府吹田市江坂町1-22-12
餃子の王将 関大前店,関大前駅 293m,中華料理、餃子,,3.05,35,249,～￥999,～￥999,大阪府吹田市千里山東1-16-1
ファントエス ららぽーとEXPOCITY店,万博記念公園駅 478m,カフェ,,3.01,2,6,-,-,大阪府吹田市千里万博公園2-1 ららぽーとEXPOCITY 3F
Cafe&Bar 本坊 桃山台BASE,桃山台駅 406m,バー,,3.02,1,45,"￥2,000～￥2,999",～￥999,大阪府吹田市桃山台2-5-9
タリーズコーヒー with U 吹田グリーンプレイス店,吹田（ＪＲ）駅 458m,カフェ,,3.06,34,246,-,～￥999,大阪府吹田市片山町2-3-11 吹田グリーンプレイス
ドトールコーヒーショップ イズミヤ千里丘店,吹田市,コーヒースタンド,,3.03,12,34,-,～￥999,大阪府吹田市山田南1-1
LIFE 岸部店,岸辺駅 906m,コンビニ・スーパー,,,2,9,-,-,大阪府吹田市原町4-21-58
セパタ,江坂駅 492m,タイ料理,,3.43,142,5375,"￥1,000～￥1,999",～￥999,大阪府吹田市江坂町2-6-14 池上第2ビル 103
ブレーシュ,南吹田駅 407m,ケーキ,,3.09,13,555,-,-,大阪府吹田市穂波町25-1 ART-FIND 102
彩雲,江坂駅 537m,日本料理,,3.12,16,292,"￥4,000～￥4,999",-,大阪府吹田市垂水町3-17-10 アルバ・トルナトーレ 1F
ジャンカラ JR吹田店,吹田（ＪＲ）駅 249m,カラオケ、その他,,,1,2,-,-,大阪府吹田市元町6-8 万両ビル1～4F
麺Lab 美味身,吹田（ＪＲ）駅 621m,ラーメン,,3.52,122,3121,-,～￥999,大阪府吹田市内本町2-7-1
そば処　万両,吹田（ＪＲ）駅 249m,そば、釜飯、うなぎ,,3.3,64,1131,"￥1,000～￥1,999","￥1,000～￥1,999",大阪府吹田市元町6-8
長崎ちゃんぽん十鉄 吹田店,江坂駅 668m,ちゃんぽん、ラーメン、居酒屋,,3.41,213,2325,"￥1,000～￥1,999","￥1,000～￥1,999",大阪府吹田市江坂町3-1-18
セブン-イレブン 吹田片山1丁目店,吹田（ＪＲ）駅 247m,コンビニ・スーパー,,3.07,1,2,-,-,大阪府吹田市片山町1-4-13
ドンクエディテ 吹田グリーンプレイス店,吹田（ＪＲ）駅 426m,カフェ、パン,,3.07,54,2239,-,"￥1,000～￥1,999",大阪府吹田市片山町2-3-7 吹田グリーンプレイス
鏡屋,下新庄駅 698m,食堂,,3.01,1,11,-,～￥999,大阪府吹田市中の島町4-38
やきとりうえ田,豊津駅 231m,焼き鳥,,3.04,6,235,-,-,大阪府吹田市垂水町1-8-3
柏屋 大阪千里山,関大前駅 454m,日本料理,,4.07,209,20724,"￥15,000～￥19,999","￥10,000～￥14,999",大阪府吹田市千里山西2-5-18
手打ち蕎麦処 あき津,南千里駅 610m,そば,,3.34,61,3587,-,"￥1,000～￥1,999",大阪府吹田市高野台2-6-7-1
北岡園 吹田店,吹田（ＪＲ）駅 187m,その他,,3.02,2,10,-,-,大阪府吹田市朝日町2-117 吹田さんくす2番館
福warai,吹田（ＪＲ）駅 180m,日本酒バー、寿司、居酒屋,,3.23,29,678,"￥3,000～￥3,999","￥1,000～￥1,999",大阪府吹田市朝日町5-26 1F
豆の蔵元 千里山店,千里山駅 971m,その他,,3.05,13,199,-,-,大阪府吹田市千里山東4-6-6
吹田ドンドン,阪大病院前駅 867m,丼、麺類,,3.06,7,40,-,～￥999,大阪府吹田市山田丘2-2-1 センテラス内
TRAUBERT'S,豊津駅 155m,バー,,3.03,2,50,-,-,大阪府吹田市山手町2-1-5
レストラン&カフェ ビアンモール,岸辺駅 376m,食堂,,3.06,6,20,-,-,大阪府吹田市岸部新町5-7 吹田市民病院 2F
阪大 うなぎや,阪大病院前駅 193m,うなぎ,,3.27,62,693,-,"￥1,000～￥1,999",大阪府吹田市山田丘2-15 大阪大学医学部付属病院内1F
ドンク・ミニワン ららぽーとEXPOCITY店,万博記念公園駅 564m,パン、サンドイッチ,,3.06,37,180,～￥999,～￥999,大阪府吹田市千里万博公園2-1 ららぽーとEXPOCITY 1F
イルミナ,江坂駅 268m,洋食,,3.06,10,88,-,～￥999,大阪府吹田市豊津町1-40 クライトンホテル１Ｆ
タリーズコーヒー Dew阪急山田店,山田駅 55m,カフェ,,3.02,13,42,-,-,大阪府吹田市山田西4-1-2 デュー阪急山田 2F
じゅう兵衛,吹田（ＪＲ）駅 613m,お好み焼き、鉄板焼き,,3.06,7,200,-,～￥999,大阪府吹田市朝日が丘町1-18
座り立ち飲み たっちゃん,吹田（ＪＲ）駅 95m,居酒屋,,3.08,6,53,"￥2,000～￥2,999",～￥999,大阪府吹田市朝日町2-101
炭火焼鶏 勝っ福,岸辺駅 812m,居酒屋,,3.03,3,148,-,-,大阪府吹田市岸部北3-6-31
ぢどり亭 吹田駅前店,吹田（ＪＲ）駅 29m,居酒屋,,3.01,4,162,-,-,大阪府吹田市朝日町1-1 JR吹田駅
焼鳥と焼野菜ぎんすけ 江坂店,江坂駅 256m,居酒屋,,3.12,8,156,-,-,大阪府吹田市江の木町3-11 3F
パイン ヴィレッジ,吹田（ＪＲ）駅 448m,バー、カフェ,,3.02,1,47,-,-,大阪府吹田市高浜町10-10 ジャルダン　１Ｆ
ピザハット 江坂店,南吹田駅 745m,ピザ,,3,4,14,-,-,大阪府吹田市南金田1-11-22 ル・ノーブル
旨い肴と酒 ふるさと,江坂駅 111m,居酒屋,,3.44,114,9216,"￥5,000～￥5,999","￥3,000～￥3,999",大阪府吹田市江坂町1-22-10
颯,江坂駅 657m,洋菓子,,,10,,-,-,大阪府吹田市垂水町1-55-2 メゾンワタナベ
セブンイレブン 吹田青葉丘南店,宇野辺駅 161m,コンビニ・スーパー,,3.07,1,1,-,-,大阪府吹田市青葉丘南2-5
サイゼリヤ 吹田末広店,相川駅 777m,ファミレス、イタリアン、パスタ,,3.04,23,99,"￥1,000～￥1,999",～￥999,大阪府吹田市末広町20-18
兵六そば,江坂駅 114m,そば、うどん,,3.43,133,3316,"￥1,000～￥1,999","￥1,000～￥1,999",大阪府吹田市江坂町1-22-10
旬の幸しん,北千里駅 72m,居酒屋,,3.06,12,112,-,-,大阪府吹田市古江台4-2-9 ウィング北千里ビル　1F
PARK CAFE BRANCO,江坂駅 298m,カフェ、パンケーキ,ふわふわパンケーキとこだわりコーヒーを堪能する自然豊かなカフェタイム◆モーニングやランチも,3.49,211,8447,-,"￥1,000～￥1,999",大阪府吹田市江坂町1-19-5
小太郎や,江坂駅 573m,寿司,,3.03,3,103,-,-,大阪府吹田市南金田2-21-10
玄米赤飯゜井上家,豊津駅 213m,パン,,3,13,302,-,-,大阪府吹田市垂水町1-8-26
てる屋,吹田（阪急）駅 63m,弁当,,,1,,-,-,大阪府吹田市泉町1-3-40 吹田市役所 B1F
宝来,岸辺駅 578m,中華料理,,3.39,66,3744,～￥999,～￥999,大阪府吹田市岸部南3-21-10
松のや 関大前店,関大前駅 166m,とんかつ,,3.02,7,38,-,～￥999,大阪府吹田市千里山東1-7-13 カンゾービル 1F
万博食堂,万博記念公園駅 475m,洋食、創作料理,,3.24,120,1186,"￥1,000～￥1,999","￥2,000～￥2,999",大阪府吹田市千里万博公園2-1 ららぽーとEXPOCITY 1F
豊。,江坂駅 367m,居酒屋,,3.26,45,4649,"￥3,000～￥3,999",-,大阪府吹田市豊津町18-1
あんことおはぎのお店 くりこ,千里山駅 430m,和菓子,,3.14,17,1470,-,-,大阪府吹田市千里山東3-11-6 みのりハイツ 1F
eden,山田駅 27m,洋菓子,,3.14,33,885,～￥999,～￥999,大阪府吹田市山田西4-1-1-105 DEW山田１Ｆ
サンモリッツ,関大前駅 345m,喫茶店,,3.05,5,184,-,～￥999,大阪府吹田市千里山東1-14-1
オオニシサントコ,関大前駅 806m,カフェ,,3.07,11,1092,-,"￥1,000～￥1,999",大阪府吹田市上山手町1-5
アルモニア江坂,江坂駅 655m,その他,,3.02,6,95,-,-,大阪府吹田市垂水町1-55-2 メゾンワタナベ 1F
楽笑 山田店,吹田市,居酒屋、串焼き、焼き鳥,,3.02,6,88,-,-,大阪府吹田市山田西2-1-16
田村商店,吹田市,その他,,,4,19,-,-,大阪府吹田市佐井寺3-19-7
パティスリー ナツロウ,公園東口駅 1000m,ケーキ,,3.09,15,199,-,-,大阪府吹田市清水8-12 ルミエールしみず 1F
ロワゾブルー,南千里駅 924m,ケーキ、洋菓子,,3,7,183,-,-,大阪府吹田市佐井寺3-21-32-T001
そば太鼓亭 吹田山田店,吹田市,うどん、そば,,3.08,59,338,"￥1,000～￥1,999",～￥999,大阪府吹田市山田南14-4
粉もん屋とん平 江坂公園店,江坂駅 469m,お好み焼き、もんじゃ焼き、鉄板焼き,,3.07,53,1034,"￥2,000～￥2,999",～￥999,大阪府吹田市垂水町3‐24‐14 グリーンコーポ江坂第2　127
台湾,岸辺駅 843m,台湾料理,,3.04,5,246,"￥2,000～￥2,999",-,大阪府吹田市岸部北3-4-27
美食菜工房 蓮,江坂駅 777m,担々麺、ラーメン、中華料理,,3.09,28,198,-,-,大阪府吹田市南金田2-15-6
ポッポ韓国フーズ,南吹田駅 145m,韓国料理、弁当、うどん,,3.04,2,56,-,～￥999,大阪府吹田市南吹田1-14-22
中華食堂 くまさんち,江坂駅 508m,中華料理,,3.07,7,267,-,"￥1,000～￥1,999",大阪府吹田市豊津町18-21-3
犬カフェ COCOMO,千里山駅 418m,その他,,3.05,6,251,-,"￥1,000～￥1,999",大阪府吹田市千里山東1-18-8 Uni House DOI 1F
業務スーパー TAKENOKO 津雲台店,千里中央駅 878m,その他,,,3,6,-,-,大阪府吹田市津雲台7-8-1
関西スーパー 江坂店,江坂駅 222m,コンビニ・スーパー,,,1,11,-,-,大阪府吹田市豊津町11-5
麺や 山下,吹田（阪急）駅 56m,そば、丼、弁当,,3,3,16,-,-,大阪府吹田市泉町1-3-40 吹田市役所 B1F
ぬまやー,江坂駅 440m,沖縄料理,,3.08,13,447,"￥3,000～￥3,999",-,大阪府吹田市江の木町17-20 パルムハウス江坂　１Ｆ
ペーパームーン,豊津駅 232m,バー,,,42,,-,-,大阪府吹田市垂水町1-8-3 2F
太陽のとん,吹田市,焼肉、タイ料理、居酒屋,,3.04,3,132,"￥2,000～￥2,999",-,大阪府吹田市樫切山3-5 エマブル樫切山 1F
薪窯 PIZZA・CAFE NORTH GARDEN 万博公園店,万博記念公園駅 618m,ピザ、カフェ、パスタ,,3.43,139,3662,-,"￥1,000～￥1,999",大阪府吹田市千里万博公園10-3
カフェテリア＆ベーカリー匠,阪大病院前駅 547m,カフェ、パン、洋食,,3,8,82,-,～￥999,大阪府吹田市山田丘2-5
クックハウス 江坂オッツ店,江坂駅 133m,パン、ヨーロッパ料理、カフェ,,3.05,37,477,～￥999,～￥999,大阪府吹田市豊津町14-8 東急プラザオッツ 1F
WAVY BOWL 江坂店,江坂駅 212m,スイーツ,,3.02,1,30,-,-,大阪府吹田市江の木町2-35 石田ビル 3F
けやき亭 郵便局前店,江坂駅 238m,弁当,,3,4,12,-,-,大阪府吹田市江坂町1-13-16
珈琲館樹里,吹田（阪急）駅 477m,喫茶店,,,5,,-,-,大阪府吹田市南清和園町15-44
ハース&ハース,吹田市,その他,,,3,32,-,-,大阪府吹田市長野西17-1 コムゼストビル 1F
葉山珈琲 千里山駅前店,千里山駅 36m,カフェ,,3.04,31,443,-,"￥1,000～￥1,999",大阪府吹田市千里山西1-40-13 千里山駅前ビル1F
あほや 吹田店,吹田（ＪＲ）駅 434m,たこ焼き,,3.01,6,71,-,-,大阪府吹田市片山町3-33-13
パンと雑貨のお店 はぴすま,吹田（ＪＲ）駅 275m,パン、洋菓子,,,12,,～￥999,～￥999,大阪府吹田市昭和町10-20
聚楽,南千里駅 162m,中華料理,,3.15,33,282,"￥1,000～￥1,999",-,大阪府吹田市津雲台1-1-30
麺や 二鷹,江坂駅 490m,ラーメン、つけ麺,,3.6,348,7031,"￥1,000～￥1,999","￥1,000～￥1,999",大阪府吹田市江坂町1-4-20
コトブキ,南吹田駅 526m,食堂、洋食,,,2,21,-,-,大阪府吹田市南金田1-14-4
ももやきジェット 関大前店,関大前駅 271m,居酒屋,,3.04,4,34,-,-,大阪府吹田市千里山東1-7-31
ニューカンパニー,正雀駅 255m,居酒屋,,,5,,-,-,大阪府吹田市岸部南1-24-22
パークカフェ,万博記念公園駅 484m,洋食、食堂,,3.08,44,270,-,"￥1,000～￥1,999",大阪府吹田市千里万博公園10 自然文化園
la balance,吹田市,フレンチ,,3.06,9,395,-,-,大阪府吹田市樫切山2-5
ふじ咲,吹田（阪急）駅 233m,居酒屋、パスタ,,,8,,-,-,大阪府吹田市泉町1-14-19
衆楽,吹田市,うどん,,3.33,61,674,～￥999,"￥1,000～￥1,999",大阪府吹田市山田南1-1イズミヤ別館
スターダスト,江坂駅 56m,ダイニングバー、フレンチ、ビストロ,,3.01,1,102,"￥4,000～￥4,999",-,大阪府吹田市豊津町9-16 第1ロンヂェビル 3F
まざあぐうす,南吹田駅 457m,喫茶店,,3.02,4,31,-,-,大阪府吹田市穂波町21-23
えいちゃん,吹田（ＪＲ）駅 320m,居酒屋,,3.02,1,10,-,-,大阪府吹田市朝日町16-9
Shisha Cafe&Bar AJITO,岸辺駅 198m,その他,,,1,4,-,-,大阪府吹田市岸部南1-25-18 第2岸部ビル 1F
セブンイレブン 吹田山田東１丁目店,吹田市,コンビニ・スーパー,,,1,,-,-,大阪府吹田市山田東1-38-1
ナナズ グリーンティー ららぽーとEXPOCITY店,万博記念公園駅 506m,カフェ、甘味処,,3.08,75,382,～￥999,～￥999,大阪府吹田市千里万博公園2-1 ららぽーとEXPOCITY 3F
マネケン ららぽーとEXPOCITY店,万博記念公園駅 418m,洋菓子、スイーツ,,3,15,54,-,-,大阪府吹田市千里万博公園2-1 ららぽーとEXPOCITY 1F
立ち呑み処 蔵,吹田（ＪＲ）駅 149m,立ち飲み,,3.13,17,337,"￥1,000～￥1,999",-,大阪府吹田市朝日町2
BARBARA CREPERIE,万博記念公園駅 444m,クレープ・ガレット,,,34,,-,-,大阪府吹田市千里万博公園2-1 ららぽーとEXPOCITY 2F
キッチンカフェミント,江坂駅 700m,喫茶店、弁当,,3.05,7,135,-,-,大阪府吹田市南金田2-28-10
コッペル,吹田（ＪＲ）駅 371m,喫茶店,,3.06,10,122,-,～￥999,大阪府吹田市朝日町19-20
喫茶・軽食 ハロッズ,吹田（ＪＲ）駅 384m,喫茶店,,3,2,44,-,-,大阪府吹田市片山町3-32-14 片山商店街
ティーハウス,吹田（ＪＲ）駅 167m,バー,,,15,,-,-,大阪府吹田市元町5-23 レジャービルエイワ 1F
LE COCON 江坂店,江坂駅 79m,カフェ,,3,3,64,-,-,大阪府吹田市豊津町9-40
サンスーシ,吹田（ＪＲ）駅 388m,フレンチ,,3.2,22,569,"￥2,000～￥2,999",-,大阪府吹田市高浜町9-2 中央ビル 1F
パン工房　アンジュリーク,豊津駅 288m,パン,,3.08,13,294,-,-,大阪府吹田市出口町30-16
ル・パルク,千里山駅 215m,カフェ、喫茶店,,,5,,-,-,大阪府吹田市千里山東2-21-27
ロンガデセオ2018,吹田（阪急）駅 341m,イタリアン、カフェ、バル,,3.09,14,361,"￥2,000～￥2,999","￥1,000～￥1,999",大阪府吹田市寿町1-4-26 悠友館 二番館 2F
串松,関大前駅 307m,居酒屋,食べ飲み放題や飲み放題付きの宴会プランが充実。みんなでワイワイ、楽しいひととき,3.01,3,129,"￥2,000～￥2,999",-,大阪府吹田市千里山東1-7-37
焙煎珈琲豆 楓,北千里駅 81m,コーヒースタンド,,3.08,10,96,-,～￥999,大阪府吹田市古江台4-2-25 ディオス5番館 1F
珉珉 五月が丘店,吹田市,中華料理,,3.01,5,104,-,-,大阪府吹田市五月が丘南9-5
KOHYO 津雲台店,山田駅 806m,コンビニ・スーパー,,3.01,1,5,～￥999,～￥999,大阪府吹田市津雲台4-1-21
仙臺たんや利久 ららぽーとEXPOCITY店,万博記念公園駅 473m,牛タン,,3.05,68,448,"￥1,000～￥1,999","￥1,000～￥1,999",大阪府吹田市千里万博公園2-1 ららぽーとEXPOCITY 3F
JACKS BURGER SHOP SUITA,吹田（ＪＲ）駅 631m,ハンバーガー,,3.23,22,1152,"￥1,000～￥1,999",-,大阪府吹田市内本町2-7-28
CREPE CITY 江坂店,江坂駅 126m,クレープ・ガレット,,3.04,4,23,-,-,大阪府吹田市豊津町10-7
まんぷく,江坂駅 770m,焼肉,,3.6,161,13040,"￥6,000～￥7,999",-,大阪府吹田市南金田2-26-10
焼肉 倉屋,南千里駅 194m,焼肉、ホルモン,,3.2,52,546,"￥4,000～￥4,999","￥1,000～￥1,999",大阪府吹田市津雲台1-1-30 ガーデンモール南千里
モスバーガー ららぽーとEXPOCITY店,万博記念公園駅 557m,ハンバーガー,,3.05,29,136,-,～￥999,大阪府吹田市千里万博公園2-1 ららぽーとEXPOCITY 2F
SANK,江坂駅 498m,バー、カフェ,,3.04,3,142,-,-,大阪府吹田市江坂町2-6-14 池上第2ビル 1F
セブンイレブン 7FS大阪大学千里門店,北千里駅 873m,コンビニ・スーパー,,3.02,2,7,-,-,大阪府吹田市山田丘3-1 微生物病研究所 南館 1F
Lapin,吹田（阪急）駅 483m,イタリアン,,3.16,34,607,-,"￥1,000～￥1,999",大阪府吹田市穂波町3-7
中華そば よしたか,吹田（ＪＲ）駅 489m,ラーメン,,3.04,8,138,-,-,大阪府吹田市片山町4-2-12
じゅじゅ庵 関大前店,関大前駅 265m,焼肉,,3.01,4,77,"￥2,000～￥2,999",-,大阪府吹田市千里山東1-7-31 アペックスシティーV 3F
LAWSON 済生会千里病院店,南千里駅 269m,コンビニ・スーパー,,3,2,6,-,-,大阪府吹田市津雲台1-1-6
コメダ珈琲店 江坂駅前店,江坂駅 76m,喫茶店,,3.09,63,371,～￥999,"￥1,000～￥1,999",大阪府吹田市豊津町9-15 日本興業ビル 1F
久世福商店 エキスポシティ店,万博記念公園駅 564m,その他,,3.06,26,204,-,-,大阪府吹田市千里万博公園2-1 ららぽーとEXPOCITY 10730 Iゾーン
ほっかほっか亭 江坂豊津,江坂駅 366m,弁当,,3.01,2,15,-,-,大阪府吹田市豊津町1-50
仕出し割烹 しげよし 吹田片山店,吹田（ＪＲ）駅 442m,弁当,,,7,,-,-,大阪府吹田市片山町3-34-17
コバラスイタ 1号機　下り線,吹田市,たこ焼き、焼きそば、揚げ物,,3.05,11,23,-,～￥999,大阪府吹田市岸部北4-7-1 吹田サービスエリア(下り線)
アゲアゲKING,吹田（阪急）駅 793m,韓国料理,,3,1,30,-,-,大阪府吹田市南金田1-1-2
烏,江坂駅 422m,郷土料理、居酒屋,,3.07,12,321,-,～￥999,大阪府吹田市豊津町5-17
ドンブリ アサダ,江坂駅 502m,丼、ラーメン,,3.31,78,3148,"￥1,000～￥1,999","￥1,000～￥1,999",大阪府吹田市豊津町17-24
サブウェイ 阪大病院店,阪大病院前駅 188m,サンドイッチ,,3.05,30,156,-,-,大阪府吹田市山田丘2-15 大阪大学医学部附属病院 1F
ファミリーマート 吹田内本町店,吹田（阪急）駅 572m,コンビニ・スーパー,,3.02,1,2,-,-,大阪府吹田市内本町1-22-9
ヘイズパントリー,千里山駅 150m,パン、洋菓子,,3.03,7,309,-,～￥999,大阪府吹田市千里山西4-7-26 ラヴィール千里山 103
Brown,豊津駅 374m,その他,,,1,18,-,-,大阪府吹田市円山町4-18 エミネンス千里山 1F
魚神,豊津駅 13m,海鮮、居酒屋,,3.03,5,59,-,-,大阪府吹田市垂水町1-1-6
らいむ亭,吹田市,食堂,,3.06,6,63,"￥2,000～￥2,999","￥1,000～￥1,999",大阪府吹田市山田西2-1-6
やきとり 大吉 岸部店,岸辺駅 764m,焼き鳥、居酒屋,,,1,27,-,-,大阪府吹田市岸部中4-21-4
海鮮居酒屋 波千里,千里山駅 68m,居酒屋、海鮮,,3.03,2,73,-,-,大阪府吹田市千里山東2-28-7 千里山東駅前ビル B1F
和ごころ　いけうち,山田駅 436m,日本料理、創作料理,,3.07,13,1005,-,"￥2,000～￥2,999",大阪府吹田市山田北10-2 メゾンT　101
PROST!,万博記念公園駅 898m,その他,,3.03,7,16,-,"￥1,000～￥1,999",大阪府吹田市千里万博公園3-3 パナソニックスタジアム吹田内
ファミリーマート 名神吹田インター前店,宇野辺駅 465m,コンビニ・スーパー,,,,,-,-,大阪府吹田市青葉丘北7-32
乃が美 ららぽーとEXPOCITY店,万博記念公園駅 411m,パン,,3.02,9,56,-,-,大阪府吹田市千里万博公園2-1
デイリーカナート イズミヤ ららぽーとEXPOCITY店,公園東口駅 563m,コンビニ・スーパー,,3.03,8,39,-,-,大阪府吹田市千里万博公園2-1 ららぽーとEXPOCITY 1F
扇矢,江坂駅 710m,日本料理,,,7,,-,-,大阪府吹田市江坂町2-12-47
カフェエデン 江坂店,江坂駅 304m,カフェ、ダイニングバー,,3.49,230,8575,-,"￥1,000～￥1,999",大阪府吹田市江の木町5-26
鶏三和 ららぽーとEXPOCITY店,万博記念公園駅 466m,親子丼、鳥料理,,3.07,93,469,"￥1,000～￥1,999","￥1,000～￥1,999",大阪府吹田市千里万博公園2-1 ららぽーとEXPOCITY 3F
ケープコッド,関大前駅 363m,カフェ、インドネシア料理、創作料理,,3.28,64,1259,"￥2,000～￥2,999","￥1,000～￥1,999",大阪府吹田市千里山東1-10-4
パントリー 千里藤白台店,吹田市,コンビニ・スーパー,,3.02,3,20,-,-,大阪府吹田市藤白台5-7-66
Bistro kitchen ENYA,吹田（ＪＲ）駅 208m,ビストロ,,3.05,4,68,-,-,大阪府吹田市元町6-4 6F
昌,万博記念公園駅 893m,中華料理、居酒屋,,3.02,4,92,-,-,大阪府吹田市山田西3-80-6 白龍
いこい飯店,北千里駅 56m,中華料理、餃子、からあげ,,3.32,134,5350,"￥2,000～￥2,999","￥1,000～￥1,999",大阪府吹田市古江台4-119 ディオス北千里５番館　１Ｆ
すし松 江坂店,江坂駅 198m,寿司,,3.07,49,469,"￥2,000～￥2,999","￥2,000～￥2,999",大阪府吹田市豊津町15-30 東明マンション江坂
Ami,山田駅 596m,カフェ,,3.06,6,188,-,～￥999,大阪府吹田市山田東4-10-3
松阪牛麺 吹田店,山田駅 690m,ラーメン、麺類、丼,,3.55,475,15690,"￥1,000～￥1,999","￥1,000～￥1,999",大阪府吹田市津雲台7-5-14
釜寅 江坂店,吹田（阪急）駅 300m,その他,,3,1,2,-,-,大阪府吹田市泉町5-1-1
ラメール 碧,吹田（ＪＲ）駅 287m,カフェ,,,2,,-,-,大阪府吹田市元町7-9
らーめん樹希,江坂駅 647m,ラーメン,,3.54,373,10163,～￥999,～￥999,大阪府吹田市垂水町1-55-9
本当は、仙台からでたかった 俺ずんだ,吹田（ＪＲ）駅 447m,スイーツ,,3.02,2,27,-,-,大阪府吹田市内本町2-1-2
たこやき きゅうちゃん,吹田（ＪＲ）駅 235m,たこ焼き,,,1,,-,-,大阪府吹田市片山町1-6-1
鎌倉パスタ Dew阪急山田店,山田駅 55m,パスタ,,3.04,35,118,"￥1,000～￥1,999","￥1,000～￥1,999",大阪府吹田市山田西4-1-2
ほっかほっか亭 南吹田公園,南吹田駅 637m,弁当,,3.01,3,18,-,-,大阪府吹田市南金田2-6-7
クンテープ 吹田スタジアム店,万博記念公園駅 864m,タイ料理,,3.06,8,65,～￥999,～￥999,大阪府吹田市千里万博公園3-3 吹田スタジアム D4ブロック付近
なんば寿し,正雀駅 209m,寿司,,,6,,-,-,大阪府吹田市南正雀1-8-5
カフェ・ド・クリエ ホピタル 国立循環器病研究センター店,岸辺駅 264m,カフェ,,3.01,10,42,-,～￥999,大阪府吹田市岸部新町6-1 国立循環器病研究センター 病院棟 2F
麺屋 柊助,吹田（ＪＲ）駅 243m,ラーメン、油そば・まぜそば,,3.26,102,1912,"￥1,000～￥1,999","￥1,000～￥1,999",大阪府吹田市片山町1-3-5
寿堂,吹田市,からあげ,,3.02,2,22,-,～￥999,大阪府吹田市山田東1-18-20
離為火,南吹田駅 593m,喫茶店,,,10,,-,-,大阪府吹田市南吹田5-2-101
セブンイレブン 吹田上山田店,北千里駅 900m,コンビニ・スーパー,,3,3,9,-,-,大阪府吹田市上山田8-5
知るcafe 関西大学前店,関大前駅 335m,カフェ,,,1,14,-,-,大阪府吹田市千里山東1-9-16
高槻バーガー,吹田市,ハンバーガー,,3,1,5,-,-,大阪府吹田市千里万博公園3-3 パナソニックスタジアム吹田
パン工房 カナール,吹田（ＪＲ）駅 313m,パン,,3.05,7,41,-,-,大阪府吹田市元町7-5
グリーンマーケットMOA えさか店,江坂駅 392m,その他,,,4,,-,-,大阪府吹田市江の木町16-9 愛和会ビル 1F
業務スーパー 江坂店,江坂駅 399m,コンビニ・スーパー,,,3,,-,-,大阪府吹田市広芝町15-23
SOLAYA SWEETS,関大前駅 225m,ジェラート・アイスクリーム、和菓子,,3.02,3,71,-,-,大阪府吹田市千里山東1-6-16 1F
ピッツェリア カローレ,南千里駅 559m,イタリアン、ピザ、バル,,3.43,145,7259,"￥3,000～￥3,999","￥1,000～￥1,999",大阪府吹田市佐竹台2丁目5-13 ルワーブル南千里 1F
炭火焼き鳥　一鶏。,江坂駅 216m,焼き鳥、焼酎バー,,3.19,33,1653,"￥4,000～￥4,999",-,大阪府吹田市江の木町1-8
とん東,吹田（ＪＲ）駅 328m,ラーメン,,3.14,38,399,～￥999,"￥1,000～￥1,999",大阪府吹田市朝日町20-9
麺商 ゴリマツ,関大前駅 201m,ラーメン,,3.07,24,218,～￥999,～￥999,大阪府吹田市千里山東1-6-17
焼肉かぼちゃ亭,吹田（阪急）駅 233m,焼肉、冷麺、韓国料理,,3.08,10,269,"￥3,000～￥3,999",～￥999,大阪府吹田市内本町1-7-17
Kitchen BISYOKU,北千里駅 885m,食堂,,3,2,11,-,-,大阪府吹田市山田丘3
国立民族学博物館 ミュージアム・ショップ,阪大病院前駅 625m,その他,,3.03,4,58,-,-,大阪府吹田市千里万博公園10-1 国立民族学博物館 本館 1F
大衆酒場順,吹田（ＪＲ）駅 162m,居酒屋,,3.02,2,35,-,-,大阪府吹田市朝日町23-11
Bar 男心,江坂駅 53m,バー,,,3,,-,-,大阪府吹田市江坂町1-23-35 コーポ江坂ビル 402
秋吉 江坂店,江坂駅 49m,焼き鳥、串揚げ、居酒屋,,3.08,67,1586,"￥2,000～￥2,999",-,大阪府吹田市江坂町1-23-27 ＧＯＵＴ　１Ｆ
カフェ ギャラリー ナーズ,関大前駅 358m,カフェ,,,2,15,-,-,大阪府吹田市千里山東1-14-26 前杉ビル 1F
キャンパス・フード・サービス,正雀駅 327m,学生食堂,,3.02,4,28,-,-,大阪府吹田市岸部南2-36-1 大阪学院大学12号館 1F
くまpan,南吹田駅 746m,パン,,3.09,14,213,-,～￥999,大阪府吹田市南金田1-11-22
トラットリア イル フィオレット,山田駅 452m,イタリアン,,3.26,29,4069,"￥8,000～￥9,999","￥8,000～￥9,999",大阪府吹田市山田東4-13-15 アパートメントカリーネ　１Ｆ
大起水産回転寿司 ららぽーとEXPOCITY店,万博記念公園駅 449m,回転寿司、海鮮,,3.13,99,806,"￥1,000～￥1,999","￥1,000～￥1,999",大阪府吹田市千里万博公園2-1 ららぽーとEXPOCITY 1F
セブンイレブン 吹田江の木町店,江坂駅 401m,コンビニ・スーパー,,3.02,3,8,～￥999,-,大阪府吹田市江の木町6-14
クレヨンハウス,江坂駅 340m,オーガニック,,3.06,17,683,～￥999,～￥999,大阪府吹田市垂水町3-34-24
ふぐ料理 玄品 吹田,吹田（ＪＲ）駅 286m,ふぐ、鍋、日本料理,,3.01,8,208,"￥6,000～￥7,999",-,大阪府吹田市片山町3-15-18 サンクレオビル 1F
炭火焼肉 鶴兆 江坂店,江坂駅 181m,焼肉、韓国料理、居酒屋,,3.06,36,980,"￥4,000～￥4,999",～￥999,大阪府吹田市豊津町13-2
鳥貴族 北千里店,北千里駅 138m,焼き鳥、鳥料理、居酒屋,,3.01,12,184,"￥2,000～￥2,999",-,大阪府吹田市古江台4-2 ディオス北千里8番館B 107
ままや,吹田（ＪＲ）駅 118m,立ち飲み,,3.21,35,549,"￥1,000～￥1,999","￥1,000～￥1,999",大阪府吹田市朝日町2-123 吹田さんくす2番館 B1F
鈴蘭,吹田市,中華料理,,3.07,11,229,-,～￥999,大阪府吹田市樫切山11-8
Pane e Trattoria Polvere,北千里駅 146m,イタリアン、パン,,3.09,27,711,"￥1,000～￥1,999","￥1,000～￥1,999",大阪府吹田市古江台4-119 ディオス8番館　1F
居酒屋　大ちゃん,南千里駅 551m,居酒屋,,3.02,2,56,"￥3,000～￥3,999",-,大阪府吹田市佐竹台2-5-17
ミスタードーナツ 江坂芳野町ショップ,江坂駅 813m,カフェ、ドーナツ、ジェラート・アイスクリーム,,3.07,60,403,-,～￥999,大阪府吹田市芳野町5-32 1F
ハッケン酒場 関大前店,関大前駅 254m,居酒屋、焼き鳥,,3.01,7,42,-,-,大阪府吹田市千里山東1-7-25
Salon de フロレゾン,江坂駅 73m,バー,,3.02,1,13,-,-,大阪府吹田市江坂町1-23-33 第7マイダビル 2F
四季,吹田（ＪＲ）駅 302m,ラーメン,,3.22,78,907,～￥999,"￥1,000～￥1,999",大阪府吹田市片山町3-1-10
LAWSON HA 阪急南千里店,南千里駅 94m,コンビニ・スーパー,,3.07,1,4,-,-,大阪府吹田市津雲台1-1-1
イチリキ,関大前駅 288m,居酒屋、イタリアン,,3.08,25,373,～￥999,"￥1,000～￥1,999",大阪府吹田市千里山東1-16-3 アズビー千里山 1F
ダイニングバー アンビシャス,江坂駅 52m,ダイニングバー、ワインバー,,3.01,1,38,-,-,大阪府吹田市豊津町9-44 ハートランド江坂 301
栄すし,豊津駅 67m,寿司,,3.06,17,2112,"￥6,000～￥7,999",-,大阪府吹田市垂水町1-2-18
カフェ ラッキー,南吹田駅 627m,カフェ、喫茶店,,3.06,9,184,"￥2,000～￥2,999",～￥999,大阪府吹田市南金田2-6-5
らふれーず 千里山店,千里山駅 27m,ケーキ,,3.14,27,308,-,-,大阪府吹田市千里山西1-38-21 アルス千里山西 1F
らーめん 武双家,関大前駅 220m,ラーメン、つけ麺、餃子,,3.59,331,7411,"￥1,000～￥1,999","￥1,000～￥1,999",大阪府吹田市千里山東1-6-16
ひとつ家 千里丘店,吹田市,惣菜・デリ,,3,1,4,-,-,大阪府吹田市山田南1-1 イズミヤショッピングセンター千里丘
カプチーノ,万博記念公園駅 209m,カフェ,,3.02,3,17,-,～￥999,大阪府吹田市千里万博公園1-7
焼肉冷麺 呉家 吹田竹見店,桃山台駅 366m,焼肉、冷麺、居酒屋,,3.07,11,244,"￥5,000～￥5,999",-,大阪府吹田市竹見台3-6-1 201
patisserie pazzle,吹田市,ケーキ,,3,7,48,-,-,大阪府吹田市岸部北4-15-5
餃子の王将 豊津店,豊津駅 674m,中華料理、餃子,,3.03,29,220,～￥999,"￥1,000～￥1,999",大阪府吹田市垂水町1-40-5
肉うどん 杜都商店,万博記念公園駅 945m,うどん,,,2,6,-,-,大阪府吹田市千里万博公園3-3 パナソニック スタジアム 吹田
寅辛,南吹田駅 565m,その他,,,6,85,-,-,大阪府吹田市南吹田5-2-5
石上鮮魚店,吹田（ＪＲ）駅 286m,その他,,,1,5,-,-,大阪府吹田市元町7-3
たこ焼 常笑,吹田（ＪＲ）駅 481m,たこ焼き,,,16,,-,-,大阪府吹田市内本町2-1-2
松竹堂 吹田山田本店,万博記念公園駅 892m,和菓子、大福,,3.65,484,15624,-,"￥2,000～￥2,999",大阪府吹田市山田東2-36-2
モスバーガー 江坂店,江坂駅 142m,ハンバーガー,,3.06,47,231,～￥999,"￥1,000～￥1,999",大阪府吹田市豊津町14-31
ドミノ・ピザ 千里丘店,千里丘駅 633m,ピザ,,,1,15,-,-,大阪府吹田市長野東12-32 エスト千里丘
松のや 吹田店,吹田（ＪＲ）駅 287m,とんかつ,,3.01,8,37,-,-,大阪府吹田市昭和町10-19
すし処 旬魚,山田駅 528m,寿司,,3,1,25,-,"￥1,000～￥1,999",大阪府吹田市山田西4-16-9 ikari王子店
太鼓亭 吹田金田店,豊津駅 743m,そば、うどん,,3.09,76,444,"￥1,000～￥1,999","￥1,000～￥1,999",大阪府吹田市金田町5-21
勝真,吹田（ＪＲ）駅 309m,居酒屋、鍋、海鮮,,3.03,4,386,"￥3,000～￥3,999",～￥999,大阪府吹田市元町7-4
B.B. CURRY,桃山台駅 379m,カレー、つけ麺,,3.22,49,1538,"￥1,000～￥1,999","￥1,000～￥1,999",大阪府吹田市竹見台3-6-6 竹見台マーケット 1F
けーきはうす 天使のたまご,豊津駅 289m,ケーキ,,3.05,4,114,-,-,大阪府吹田市出口町30-16 入江マンション 1F
陽氣楼,江坂駅 241m,創作料理,,3.09,27,704,-,～￥999,大阪府吹田市江坂町1-18-18 江坂パークビル 3F
すゞや,江坂駅 463m,食堂,,3.02,1,24,-,-,大阪府吹田市江坂町1-10-5
momomo DONUT & COFFEE,豊津駅 36m,ドーナツ,,3.12,10,236,-,-,大阪府吹田市垂水町2-1-3
麺屋 蝉 関大前店,関大前駅 269m,ラーメン、つけ麺,,3.43,164,2851,～￥999,"￥1,000～￥1,999",大阪府吹田市千里山東1-7-29 中村ビル 1F
珉珉 さんくす店,吹田（ＪＲ）駅 113m,中華料理,,3.05,38,317,"￥1,000～￥1,999",～￥999,大阪府吹田市朝日町2
スターバックスコーヒー ららぽーとEXPOCITY 2階店,万博記念公園駅 536m,カフェ,,3.08,75,291,～￥999,～￥999,大阪府吹田市千里万博公園2-1 ららぽーとEXPOCITY 2F
ラーメン熊きち,千里丘駅 866m,ラーメン,,3.51,277,7706,"￥1,000～￥1,999","￥1,000～￥1,999",大阪府吹田市新芦屋下9-6
虎寿司 江坂店,江坂駅 392m,寿司、海鮮、日本料理,,3.28,51,2369,"￥5,000～￥5,999",-,大阪府吹田市江の木町8-27
ヤマダ食堂,吹田（阪急）駅 300m,食堂,,3.02,1,26,-,-,大阪府吹田市寿町1-3-8 1F
BAR AVANTI,江坂駅 476m,バー,,3.05,5,88,-,-,大阪府吹田市垂水町3-24-12 エレガントビジネス江坂　６Ｆ
LAWSON 五月ヶ丘東店,吹田市,コンビニ・スーパー,,,1,2,-,-,大阪府吹田市五月が丘東13-23
さたけん家,南千里駅 578m,カフェ,,3.04,4,52,-,～￥999,大阪府吹田市佐竹台2-5-5
沖縄料理　居酒屋　こずえ,江坂駅 392m,居酒屋,,3.03,4,116,-,-,大阪府吹田市豊津町5-28
オステリア エ バール ジェノ,江坂駅 352m,スペイン料理,,3.6,124,11757,"￥6,000～￥7,999",-,大阪府吹田市豊津町5-5
ビッグワン,緑地公園駅 616m,喫茶店,,3.06,6,186,-,-,大阪府吹田市江坂町4-28-10
ベーカリー ハナ,吹田（阪急）駅 383m,パン,,3.18,27,1447,-,-,大阪府吹田市内本町1-5-9
キッコ,吹田（ＪＲ）駅 282m,イタリアン,,3.27,31,1436,-,"￥1,000～￥1,999",大阪府吹田市朝日町17-18 第三丸二ビル 1F
スシロー 江坂店,江坂駅 178m,回転寿司,,3.07,51,285,"￥3,000～￥3,999","￥1,000～￥1,999",大阪府吹田市江の木町2-1 クロッシング江坂 3F
楽串笑,吹田（ＪＲ）駅 626m,居酒屋,,3.04,4,33,-,-,大阪府吹田市内本町2-7-1
居酒屋 がたろう,吹田（阪急）駅 486m,居酒屋,,,6,,-,-,大阪府吹田市泉町3-7-8
松美屋,上新庄駅 480m,焼肉、ホルモン,,3.05,3,83,-,-,大阪府吹田市東御旅町9-29
喜鈴,江坂駅 710m,お好み焼き,,3.01,3,74,-,-,大阪府吹田市江坂町3-16-10
らーめん 塩一,宇野辺駅 188m,ラーメン,,3.01,2,70,-,-,大阪府吹田市青葉丘南2-1
伏見屋 北千里駅前店,北千里駅 15m,その他,,,4,,"￥1,000～￥1,999","￥1,000～￥1,999",大阪府吹田市古江台4-119 ディオス北千里 5番館 1F
中国料理 温故知新,吹田市,中華料理、飲茶・点心、餃子,,3.28,36,881,"￥1,000～￥1,999",～￥999,大阪府吹田市山田東1-2-16
すみれ,豊津駅 677m,居酒屋,,3.01,3,53,-,-,大阪府吹田市垂水町3-4-33
Buff 江坂店,江坂駅 114m,焼肉、ステーキ、バル,,3.39,111,4301,"￥2,000～￥2,999",-,大阪府吹田市江坂町1-22-10
中華料理 哲ちゃん,桃山台駅 412m,中華料理,,3.09,23,454,-,-,大阪府吹田市竹見台3-6-9
カリー・ブラウン,江坂駅 484m,カレー,,3.37,81,2720,"￥5,000～￥5,999","￥1,000～￥1,999",大阪府吹田市豊津町29-20
ごはんとわたし ららぽーとEXPOCITY,万博記念公園駅 465m,食堂,,3.42,230,4628,"￥2,000～￥2,999","￥2,000～￥2,999",大阪府吹田市千里万博公園2-1 ららぽーとEXPOCITY 2F
たこ家道頓堀くくる 万博記念公園駅店,万博記念公園駅 41m,たこ焼き,,3.1,84,503,～￥999,～￥999,大阪府吹田市千里万博公園 大阪モノレール万博記念公園駅コンコース
阪急ベーカリー香房 ららぽーとEXPOCITY店,万博記念公園駅 564m,パン,,3.01,6,52,～￥999,～￥999,大阪府吹田市千里万博公園2-1
スターバックス・コーヒー 吹田山田店,吹田市,カフェ,,3.08,56,263,～￥999,～￥999,大阪府吹田市山田東2-17-5
ファミリーマート 万博記念公園店,万博記念公園駅 219m,コンビニ・スーパー,,3.03,7,18,-,-,大阪府吹田市千里万博公園1-20
純,南吹田駅 365m,居酒屋,,,6,,-,-,大阪府吹田市南吹田3-8-2
ファミリーマート 吹田広芝町店,江坂駅 275m,コンビニ・スーパー,,3.04,5,10,～￥999,～￥999,大阪府吹田市広芝町10-14
響,正雀駅 51m,チーズ料理,,,2,10,"￥1,000～￥1,999","￥1,000～￥1,999",大阪府吹田市岸部南1-5-1 正雀ビル 1F
焼肉ダイニング幸の蔵,豊津駅 675m,焼肉,,3.18,13,482,"￥3,000～￥3,999",-,大阪府吹田市垂水町3-4-34
セブンイレブン 吹田佐井寺4丁目店,南千里駅 884m,コンビニ・スーパー,,3,1,4,-,-,大阪府吹田市佐井寺4-27-5
LIFE 豊津店,豊津駅 226m,コンビニ・スーパー,,3.01,1,5,-,-,大阪府吹田市出口町26-29
デンスケ,吹田市,ホルモン,,3.48,125,11402,"￥4,000～￥4,999",-,大阪府吹田市樫切山18-8 第２清涼マンション１０４
ベークショップ ブランチ,吹田（ＪＲ）駅 240m,パン,,3,4,160,-,-,大阪府吹田市片山町1-4-1
いやしん坊,山田駅 589m,焼肉、ホルモン,,3.53,134,8985,"￥5,000～￥5,999","￥1,000～￥1,999",大阪府吹田市山田東4-41
ダイニング くった,吹田市,もつ鍋、居酒屋,,3,1,16,"￥3,000～￥3,999",-,大阪府吹田市五月が丘東13-3
そば重,江坂駅 182m,そば,,3.09,49,393,-,"￥1,000～￥1,999",大阪府吹田市豊津町13-2
シャトレーゼ 江坂店,江坂駅 424m,ケーキ、和菓子、ジェラート・アイスクリーム,,3.06,47,279,～￥999,-,大阪府吹田市広芝町16-19
イースト・マリン,江坂駅 244m,ダイニングバー,,3.08,19,249,-,～￥999,大阪府吹田市江坂町1-18-18 江坂パークビル　３Ｆ
千里山パン工房 エメ ラ ヴィ,千里山駅 112m,パン,,3.06,8,159,-,-,大阪府吹田市千里山西1丁目41-24 フジハイツ1階
洋食 おかもと,緑地公園駅 494m,洋食,,3.22,31,1640,"￥1,000～￥1,999","￥1,000～￥1,999",大阪府吹田市千里山西4-30-8 ヴェルタ千里山
エナジー,南吹田駅 646m,喫茶店,,,4,,-,-,大阪府吹田市南吹田5-2-18
和幸堂製パン,吹田（ＪＲ）駅 332m,パン,,3.09,15,325,-,～￥999,大阪府吹田市元町7-7
BURGER SUEO,吹田（ＪＲ）駅 747m,ハンバーガー,,3.02,5,197,-,"￥1,000～￥1,999",大阪府吹田市片山町4-33-41
江坂 久葉,江坂駅 267m,日本料理、ダイニングバー,,3.09,22,586,"￥3,000～￥3,999",～￥999,大阪府吹田市江坂町1-20-30 セントラルハイツ　１Ｆ
広島お好み焼 よしだや,吹田（ＪＲ）駅 337m,お好み焼き、もんじゃ焼き,,3.14,11,338,-,-,大阪府吹田市片山町2-16-3
フィードミーオレンジ ららぽーとＥＸＰＯＣＩＴＹ,万博記念公園駅 478m,その他,,3.02,1,,-,-,大阪府吹田市千里万博公園2-1 ららぽーとEXPOCITY
プラントベースカフェ アレ,吹田（ＪＲ）駅 320m,カフェ,,3.04,3,229,-,"￥1,000～￥1,999",大阪府吹田市朝日町18-11
セブンイレブン 吹田川岸町店,南吹田駅 471m,コンビニ・スーパー,,,1,,-,-,大阪府吹田市川岸町5-25
蕎麦処 そば好,岸辺駅 871m,そば、うどん、親子丼,,3.05,12,105,-,～￥999,大阪府吹田市岸部北2-1-26
そば辰,岸辺駅 98m,そば、食堂、丼,,3.35,91,1446,"￥1,000～￥1,999","￥1,000～￥1,999",大阪府吹田市岸部南1丁目17-2
ベーカリーカフェCAFE CORE,岸辺駅 294m,パン,,,,,-,-,大阪府吹田市岸部新町5 吹田市市民病院
カプリチョーザ アザール桃山台店,桃山台駅 172m,イタリアン、パスタ、ピザ,,3.05,32,412,"￥1,000～￥1,999","￥1,000～￥1,999",大阪府吹田市桃山台5-2-2 アザール桃山台　２Ｆ
TAG COFFEE STAN(D) 109シネマズ大阪エキスポシティ,万博記念公園駅 407m,カフェ,,3,3,75,-,-,大阪府吹田市千里万博公園2-1 109シネマズ大阪エキスポシティ
一番,吹田（ＪＲ）駅 364m,居酒屋,,,2,55,-,-,大阪府吹田市元町25-23
直,吹田（阪急）駅 582m,居酒屋,,,,,"￥1,000～￥1,999",-,大阪府吹田市泉町3-12-6
ガスト 千里丘店,千里丘駅 373m,ファミレス,,3.03,18,116,"￥1,000～￥1,999",～￥999,大阪府吹田市千里丘上2-20
韓国居酒屋 肝っ玉亭,江坂駅 500m,居酒屋、韓国料理,,3.54,159,12384,"￥6,000～￥7,999",-,大阪府吹田市江坂町1-4-18 1F
あんみつ姫,北千里駅 80m,喫茶店、甘味処,,3.05,5,42,-,-,大阪府吹田市古江台4-2-4 ディオス2番館
奄人,吹田（阪急）駅 284m,郷土料理、居酒屋,,3.08,13,396,-,-,大阪府吹田市寿町1-3-20 １Ｆ
浜,江坂駅 461m,居酒屋、そば、寿司,,3.18,36,575,"￥2,000～￥2,999",-,大阪府吹田市垂水町3-24-14-124
南大門 吹田天道店,吹田（ＪＲ）駅 983m,焼肉、ホルモン,,3.03,5,271,"￥4,000～￥4,999",-,大阪府吹田市天道町15-6
KISHIBE CAFE YAMAGUCHI,岸辺駅 98m,カフェ、喫茶店,,,19,,-,"￥1,000～￥1,999",大阪府吹田市岸部南1-25-3 dig the osakaホテル 1F
ラーメン大王 岸部本店,正雀駅 231m,ラーメン,,3.5,255,4838,"￥1,000～￥1,999","￥1,000～￥1,999",大阪府吹田市岸部南1-19-13
焼鶏 かかし 吹田本店,吹田（ＪＲ）駅 238m,焼き鳥、鳥料理,,3.05,4,254,"￥3,000～￥3,999",-,大阪府吹田市朝日町13-28
サンタモニカ,江坂駅 615m,喫茶店、洋食、居酒屋,,,2,9,-,-,大阪府吹田市垂水町3-25-3 吉田マンション 1F
お弁当物語 江坂店,江坂駅 350m,弁当,,3.03,16,144,-,～￥999,大阪府吹田市豊津町2-1 第2中田ビル 1F
和食さと 吹田岸部店,吹田市,ファミレス、日本料理、しゃぶしゃぶ,,3.03,27,146,"￥1,000～￥1,999",～￥999,大阪府吹田市岸辺北5-19-3
千鳥屋宗家 Dew阪急山田店,山田駅 55m,和菓子,,,1,3,-,-,大阪府吹田市山田西4-1-2 Dew阪急山田 1F
ノイ カフェ 万博入口前店,万博記念公園駅 288m,カフェ、ソフトクリーム,,3.28,52,755,-,～￥999,大阪府吹田市千里万博公園1-1 中央入口前
シュークリーム 専門店,吹田（ＪＲ）駅 278m,シュークリーム、洋菓子,,3.09,16,316,-,～￥999,大阪府吹田市朝日町18-16
原商店,千里山駅 69m,お好み焼き、たこ焼き、天ぷら,,,4,,-,-,大阪府吹田市千里山西1-40-7
La Pizzeria di Tutti,豊津駅 65m,ピザ,,3.05,5,120,"￥3,000～￥3,999","￥1,000～￥1,999",大阪府吹田市垂水町1-2-18
阪急オアシス 吹田SST店,岸辺駅 762m,コンビニ・スーパー,,3,1,2,～￥999,～￥999,大阪府吹田市岸部中5-1-1 オアシスタウン吹田SST 1F
マクドナルド 緑地南店,緑地公園駅 684m,ハンバーガー,,3.01,4,31,-,-,大阪府吹田市江坂町5-15-10
ななこ,吹田（阪急）駅 731m,焼き鳥、串揚げ,,3.03,3,26,-,-,大阪府吹田市内本町3-24-17
鳥貴族 関大前店,関大前駅 281m,焼き鳥、鳥料理、居酒屋,,3.01,8,140,"￥2,000～￥2,999",-,大阪府吹田市千里山東1-16-6
ベーカリーパルファン,吹田市,パン,,3.02,2,32,-,-,大阪府吹田市岸部北5-32-1 東千里OMパレス1F
名代 宇奈とと 江坂店,江坂駅 215m,うなぎ,,3.03,11,103,-,～￥999,大阪府吹田市江坂町1-17-8
スーパーホテル 御堂筋線・江坂,江坂駅 352m,ホテル,,3.07,16,37,-,-,大阪府吹田市広芝町12-33
プティラプティ 千里山店,千里山駅 134m,パン,,3.07,10,245,-,-,大阪府吹田市千里山東2-27-18
酒肴処 たに川,吹田市,居酒屋,,3.03,3,96,-,-,大阪府吹田市五月が丘南8-37 原田ビル1F
カンデオホテルズ 大阪岸辺,岸辺駅 233m,ホテル,,3.06,14,79,-,"￥1,000～￥1,999",大阪府吹田市岸部新町5-45
ぶたたまや,岸辺駅 307m,お好み焼き,,3.05,11,148,"￥2,000～￥2,999","￥1,000～￥1,999",大阪府吹田市岸部中4-8-32-106
やまと蔵人,江坂駅 500m,おでん、海鮮,,3.08,16,625,"￥4,000～￥4,999",-,大阪府吹田市豊津町17-19 中谷ハイツ 1F
仕出し屋 田中,吹田市,弁当,,,1,2,-,-,大阪府吹田市山田西2-1-5 ロイヤルコーポ 1F
GOOD ENOUGH DINER,岸辺駅 265m,ダイニングバー、ピザ,,,49,,"￥2,000～￥2,999",-,大阪府吹田市岸部南1-24-10 シティコープ岸辺 1F
SAGUN 山田店,山田駅 631m,インド料理、インドカレー,,3.26,26,262,"￥1,000～￥1,999",～￥999,大阪府吹田市千里万博公園12-1
エスポア,江坂駅 648m,その他,,3.01,1,49,-,-,大阪府吹田市垂水町1-55-8
肉工房 千里屋,吹田市,その他,,3,1,33,-,-,大阪府吹田市山田南1-1 イズミヤ千里丘 1F
居酒屋再会,江坂駅 312m,居酒屋,,3.04,6,227,-,-,大阪府吹田市江の木町17-37
ファミリーマート 吹田千里山西店,緑地公園駅 422m,コンビニ・スーパー,,,1,3,-,-,大阪府吹田市千里山西4-38-10
curation,万博記念公園駅 878m,イタリアン,,3.6,79,6831,-,"￥1,000～￥1,999",大阪府吹田市山田東2-20-1
焼肉・もつ鍋 本日のおすすめ 吹田店,宇野辺駅 150m,焼肉、居酒屋、もつ鍋,,3.08,12,198,"￥3,000～￥3,999",-,大阪府吹田市青葉丘南3-58
やまや,関大前駅 282m,居酒屋,,3.02,3,49,-,-,大阪府吹田市千里山東1-17-50
鉄板Dining Kento House,江坂駅 273m,お好み焼き、鉄板焼き、ステーキ,,3.08,25,2345,"￥5,000～￥5,999",-,大阪府吹田市広芝町9-12 第11マイタビル 1F
200円カレー 関大前店,関大前駅 299m,カレー,,3.05,12,974,-,～￥999,大阪府吹田市千里山西1-15-30
阪急OASIS 南千里店,南千里駅 217m,コンビニ・スーパー,,3.02,2,16,-,-,大阪府吹田市津雲台1-1-30
Cafe mogu mogu,関大前駅 421m,カフェ、パスタ、ケーキ,,3.09,11,236,～￥999,～￥999,大阪府吹田市千里山東1-11-17
lien bonheur Miwa,山田駅 403m,イタリアン,,,1,19,-,-,大阪府吹田市山田西4-3-13 JP万博南 1F
新時代 大阪関大前店,関大前駅 254m,居酒屋、焼き鳥、鳥料理,,3.09,22,400,"￥1,000～￥1,999",-,大阪府吹田市千里山東1-7-22
若菜そば 阪急南千里店,南千里駅 107m,そば,,3.02,11,95,-,-,大阪府吹田市津雲台1-1-1
フレスコ 江坂店,江坂駅 383m,コンビニ・スーパー,,3.01,2,8,-,-,大阪府吹田市江坂町1-14-29
たかみ,吹田市,焼き鳥、鳥料理、居酒屋,,3.06,7,204,"￥2,000～￥2,999",-,大阪府吹田市五月が丘北2-16
吉たこ,万博記念公園駅 254m,たこ焼き,,3.26,27,218,-,-,大阪府吹田市千里万博公園1-1
チャトパタ,江坂駅 589m,インド料理、インドカレー,,3.44,154,4328,"￥2,000～￥2,999","￥1,000～￥1,999",大阪府吹田市広芝町22-15
ヒロコーヒー 江坂店,江坂駅 90m,喫茶店,,3.15,142,2411,～￥999,"￥1,000～￥1,999",大阪府吹田市江坂町1-23-19 米沢第５江坂　Ｂ１Ｆ
がんちゃん,吹田（ＪＲ）駅 518m,ラーメン,,3.17,47,728,"￥1,000～￥1,999",-,大阪府吹田市内本町2-2-32
プチマダム カフェ,吹田（ＪＲ）駅 595m,カフェ,,,1,29,"￥2,000～￥2,999","￥1,000～￥1,999",大阪府吹田市片山町4-14-19
天麩羅マフィア,江坂駅 230m,天ぷら,,3.09,22,315,"￥2,000～￥2,999",-,大阪府吹田市江坂町1-18-18 江坂パークビル 1F
生成,吹田市,日本料理,,,1,51,-,-,大阪府吹田市竹谷町3-5
炭火焼肉たむら パナソニックスタジアム吹田店,万博記念公園駅 882m,弁当,,3.07,7,31,-,-,大阪府吹田市千里万博公園3-3
江坂ふぐCRAB,江坂駅 496m,ふぐ,,3.12,13,419,"￥8,000～￥9,999",-,大阪府吹田市垂水町3-25-25
タマキング,千里丘駅 601m,居酒屋,,3,1,29,"￥3,000～￥3,999",-,大阪府吹田市長野東14-7
Bar&Dining Merry Bunch,吹田市,バー,,3.03,1,31,"￥3,000～￥3,999",-,大阪府吹田市五月が丘北1-10 スカイ五月が丘北ビル 2F
ル・ジャルダン,江坂駅 872m,中華料理,,3.07,15,209,-,"￥2,000～￥2,999",大阪府吹田市芳野町13-45 アメニティ江坂内
炭 style,岸辺駅 160m,居酒屋,,,2,127,"￥4,000～￥4,999",-,大阪府吹田市岸辺南1-25-14
セブンイレブン 江坂公園前店,江坂駅 342m,コンビニ・スーパー,,3.01,2,7,-,-,大阪府吹田市垂水町3-34-15
ミスタードーナツ 南千里駅前ショップ,南千里駅 134m,ドーナツ,,3.03,18,92,-,-,大阪府吹田市津雲台1-1-2
筍食天,吹田（ＪＲ）駅 163m,居酒屋、食堂,,3.02,3,13,"￥1,000～￥1,999",-,大阪府吹田市朝日町2 吹田さんくす2番街 B1F
さぬきうどん職人 めりけんや 江坂店,江坂駅 91m,うどん,,3.17,111,1786,～￥999,～￥999,大阪府吹田市豊津町9-40
izumicho cafe,吹田（阪急）駅 278m,カフェ,,3.04,3,86,"￥1,000～￥1,999","￥1,000～￥1,999",大阪府吹田市泉町5-1-1
九州らーめん 亀王 江坂店,江坂駅 198m,ラーメン、餃子,,3.06,107,843,"￥2,000～￥2,999","￥1,000～￥1,999",大阪府吹田市江坂町1-17-8
スカイレストラン,阪大病院前駅 181m,フレンチ、洋食、日本料理,,3.31,61,670,"￥1,000～￥1,999","￥1,000～￥1,999",大阪府吹田市山田丘2-15 大阪大学医学部附属病院 14F
ハラペコぼうやとガッツリお嬢,吹田（阪急）駅 251m,食堂、カフェ,,3.08,11,216,-,-,大阪府吹田市泉町1-20-1
すなおや 江坂店,江坂駅 269m,居酒屋、海鮮,,3.32,79,2664,"￥5,000～￥5,999",-,大阪府吹田市江の木町-1-15
家族亭 江坂店,江坂駅 93m,そば、うどん,,3.04,34,187,"￥1,000～￥1,999",-,大阪府吹田市豊津町9-40 東急プラザ江坂 B1F
SARU BACON,江坂駅 242m,ビアバー、ドイツ料理、バル,,3.56,411,17989,"￥3,000～￥3,999","￥1,000～￥1,999",大阪府吹田市江坂町1-18-18 えさかパークビルディング　１Ｆ
おはぎの丹波屋 北千里店,北千里駅 103m,和菓子,,3.01,2,24,-,-,大阪府吹田市古江台4-119 ディオス北千里5番館
銀のさら 江坂店,吹田（阪急）駅 288m,寿司,,,2,9,-,-,大阪府吹田市泉町5-1-1 大幸ビル
阪急ベーカリー香房 千里山店,千里山駅 79m,パン,,3.01,1,11,-,-,大阪府吹田市千里山霧が丘22-1 BiVi 千里山 1F
フレンチ洋食 YOKOO,万博記念公園駅 917m,サンドイッチ,,3.08,8,859,-,"￥1,000～￥1,999",大阪府吹田市千里万博公園3-3 Panasonic Stadium
めしや 宮本むなし JR吹田駅前店,吹田（ＪＲ）駅 65m,食堂、丼、創作料理,,3.05,26,171,～￥999,～￥999,大阪府吹田市朝日町1-106 さんくす1番館
味平,吹田市,中華料理,,3.01,3,48,-,-,大阪府吹田市山田南30-10
サントリー・オールドバー,江坂駅 129m,バー、ピザ、お好み焼き,,3.18,31,797,"￥3,000～￥3,999",-,大阪府吹田市豊津町9-40 江坂東急ビル　Ｂ１Ｆ
シェフのハンバーグ,吹田（ＪＲ）駅 521m,ハンバーグ,,3.03,10,171,-,-,大阪府吹田市内本町2-2-8
丹波屋 吹田店,吹田（ＪＲ）駅 204m,和菓子,,3.01,3,31,-,-,大阪府吹田市旭町14-1
ファミリーマート 吹田上山手町店,吹田市,コンビニ・スーパー,,3.02,1,2,-,-,大阪府吹田市上山手町27-8
喫茶＆バー 5号門,関大前駅 798m,バー,,3,2,13,-,-,大阪府吹田市上山手町1-29
来来亭 関大前店,関大前駅 269m,ラーメン,,3.04,74,516,"￥1,000～￥1,999","￥1,000～￥1,999",大阪府吹田市円山町6-26
小西食品,桃山台駅 375m,売店,,,2,8,-,-,大阪府吹田市竹見台3-6-6
海鮮屋台まいこ 関大前店,関大前駅 271m,居酒屋、海鮮,,3.05,7,76,"￥2,000～￥2,999",-,大阪府吹田市千里山東1-7-31
はま寿司 千里藤白台店,吹田市,回転寿司,,3.05,26,125,-,"￥1,000～￥1,999",大阪府吹田市藤白台5-7-70
らぁ麺 TORRY,吹田市,ラーメン、つけ麺、汁なし担々麺,,3.58,226,6485,"￥1,000～￥1,999","￥1,000～￥1,999",大阪府吹田市吹東町35-29
サーティワンアイスクリーム ららぽーとEXPOCITY店,万博記念公園駅 505m,ジェラート・アイスクリーム,,3.02,14,78,～￥999,～￥999,大阪府吹田市千里万博公園2-1 ららぽーとEXPOCITY 3F
千一,吹田（ＪＲ）駅 352m,居酒屋,,,1,31,-,-,大阪府吹田市片山町1-12-4
おから家江坂,江坂駅 623m,居酒屋、食堂,,3.09,16,175,-,～￥999,大阪府吹田市江坂町1-12-1
サイドビー,吹田（ＪＲ）駅 502m,パスタ,,3.05,3,7,-,-,大阪府吹田市内本町2-2-6
バーミヤン 千里丘店,吹田市,ファミレス、中華料理,,3.05,47,192,"￥1,000～￥1,999","￥1,000～￥1,999",大阪府吹田市山田南1-1 イズミヤ千里丘店別館 １Ｆ
雅たこ,南千里駅 196m,たこ焼き,,3.07,13,103,-,～￥999,大阪府吹田市津雲台1-1-30 ガーデンモール南千里 2F
日本酒Cafe CHOCOTTO,江坂駅 442m,日本酒バー,,3.03,2,133,-,-,大阪府吹田市垂水町3-29-2 1F
炭酒屋 よしお,江坂駅 331m,居酒屋,,3.06,9,213,-,-,大阪府吹田市垂水町3-35-25 タケダビルT1 1F
鶴亀,山田駅 713m,食堂,,3.09,23,115,"￥1,000～￥1,999","￥1,000～￥1,999",大阪府吹田市千里万博公園11-11 源気温泉 万博おゆば
ゴルフレストラン,江坂駅 958m,食堂、そば、うどん,,3.01,5,17,-,-,大阪府吹田市芳野町13-90 江坂ゴルフセンター内
王将,吹田（ＪＲ）駅 502m,餃子、中華料理,,3.08,16,119,-,～￥999,大阪府吹田市元町33-17
横浜家系ラーメン 憲兵家,関大前駅 280m,ラーメン、つけ麺、油そば・まぜそば,,3.19,49,403,～￥999,～￥999,大阪府吹田市千里山東1-16-7
よつ葉のお店 ぷくぷくショップ,相川駅 506m,その他,,,7,,-,-,大阪府吹田市南高浜町1-17-2
Lien,吹田市,パン,,3.08,10,91,-,-,大阪府吹田市五月ヶ丘北2-52 千里スカイラーク113号
パントゥーミー,吹田（ＪＲ）駅 207m,パン,,3.08,19,372,-,-,大阪府吹田市元町6-4
ラーメン 工藤,岸辺駅 233m,ラーメン,,3.56,298,8230,～￥999,～￥999,大阪府吹田市岸辺南1-24-8
ホテルクライトン江坂,江坂駅 273m,ホテル,,,3,17,-,-,大阪府吹田市豊津町1-40
持ち帰り専門店 串かつ ますや,吹田（ＪＲ）駅 249m,串揚げ,,,1,45,-,"￥1,000～￥1,999",大阪府吹田市元町21-16
木下名酒店,南千里駅 213m,その他,,3.02,5,99,-,-,大阪府吹田市津雲台1-1-30 阪急南千里駅前トナリエ 1F
コトブキカレー,下新庄駅 834m,カレー,,3.17,28,411,～￥999,～￥999,大阪府吹田市寿町2-4-10
麺屋 こころ 関大前店,関大前駅 204m,台湾まぜそば,,3.01,13,164,-,-,大阪府吹田市千里山東1-6-16
マクドナルド 江坂ハートランド店,江坂駅 84m,ハンバーガー,,3.06,49,238,～￥999,～￥999,大阪府吹田市豊津町9-44 ハートランド江坂 1Ｆ
コーヒーハウス絹,江坂駅 300m,喫茶店,,3.13,17,281,-,～￥999,大阪府吹田市広芝町11-1
居酒屋 ふるさと,吹田（ＪＲ）駅 296m,居酒屋,,3.05,7,75,-,-,大阪府吹田市元町-7-4
プラガティ,吹田（阪急）駅 388m,インド料理、ネパール料理,,3.08,14,108,-,"￥1,000～￥1,999",大阪府吹田市泉町2-47-28
cafe may,千里丘駅 603m,カフェ,,3.07,7,249,-,-,大阪府吹田市長野東14-7
ミルフィーユ 本店,吹田市,ケーキ,,3.35,96,1541,"￥1,000～￥1,999",-,大阪府吹田市五月が丘北25-38
洋食 curilu,山田駅 705m,洋食,,3.09,17,364,-,～￥999,大阪府吹田市津雲台7-5-10
オリエント,吹田（ＪＲ）駅 100m,カフェ,,3.12,12,233,-,～￥999,大阪府吹田市朝日町2-101 イオン吹田店専門店街 2F
駅うどん　吹田店,吹田（ＪＲ）駅 54m,うどん、そば、天ぷら,,3.24,47,295,～￥999,～￥999,大阪府吹田市朝日町1 吹田さんくす１番館　１階
あほや 亥の子谷店,吹田市,たこ焼き,,3,5,44,-,-,大阪府吹田市五月が丘東13-5
カフェ エイト,江坂駅 465m,カフェ,,3.31,56,937,-,"￥1,000～￥1,999",大阪府吹田市垂水町3-24-14
大阪大学生活協同組合 購買工学部店,阪大病院前駅 882m,その他,,3,1,3,-,-,大阪府吹田市山田丘2-1
割烹・寿司 むろ井,吹田（ＪＲ）駅 240m,日本料理、寿司,,3.03,6,74,-,-,大阪府吹田市朝日町15-6
喫茶パンダ 北千里店,北千里駅 230m,喫茶店,,3.05,8,66,-,～￥999,大阪府吹田市古江台4-2
ディノア,関大前駅 676m,学生食堂,,3.08,20,146,-,～￥999,大阪府吹田市千里山東3-10-1 関西大学千里山キャンパス 凛風館 2F
あびる寿司,江坂駅 623m,寿司,,3.18,30,610,"￥4,000～￥4,999",-,大阪府吹田市垂水町3-10-20 雅ビル　１Ｆ
The Spice House,岸辺駅 168m,インドカレー,,,,,-,-,大阪府吹田市岸部南1-17-8
バー マクレーン,吹田（ＪＲ）駅 256m,バー,,,1,18,-,-,大阪府吹田市昭和町10-22
スシロー 南吹田店,南吹田駅 378m,寿司、回転寿司,,3.04,43,169,"￥1,000～￥1,999","￥1,000～￥1,999",大阪府吹田市穂波町21-19
天ぷらの山 吹田グリーンプレイス店,吹田（ＪＲ）駅 408m,天ぷら,,3.4,103,1505,"￥1,000～￥1,999","￥1,000～￥1,999",大阪府吹田市片山町2-3-3 吹田グリーンプレイス
ヒロ コーヒー 本店,江坂駅 286m,喫茶店、ケーキ,,3.23,308,7056,-,～￥999,大阪府吹田市広芝町9-19
ながた,吹田（ＪＲ）駅 658m,そば、親子丼、かつ丼,,3.14,31,331,-,～￥999,大阪府吹田市日の出町1-4 1F
ハラペコぼうや,吹田（阪急）駅 192m,カフェ,,3.04,5,121,-,-,大阪府吹田市泉町1-15-2
ピッツァリア アッセ 吹田片山店,吹田（ＪＲ）駅 475m,ピザ、イタリアン、パスタ,,3.17,52,936,"￥2,000～￥2,999","￥1,000～￥1,999",大阪府吹田市片山町2-3-15 吹田グリーンプレイス
コトブキヤ,関大前駅 159m,パブ,,3.01,1,11,-,-,大阪府吹田市円山町20-25
台湾茶房 婉,吹田市,台湾料理,,3.15,16,843,"￥1,000～￥1,999","￥1,000～￥1,999",大阪府吹田市五月が丘南32-1 ハイタウン樽澤 105
make noodle かしぐ,江坂駅 272m,ラーメン,,3.52,254,5872,"￥1,000～￥1,999","￥1,000～￥1,999",大阪府吹田市江坂町1-20-30 キャロル江坂 1F
パネテリア フラゴラ,関大前駅 404m,パン,,3.11,16,406,-,-,大阪府吹田市千里山東1-17-39
ナゲット ナゲット,万博記念公園駅 392m,鳥料理,,3.1,29,267,-,"￥1,000～￥1,999",大阪府吹田市千里万博公園10 お祭り広場横
タリーズコーヒー ららぽーとEXPOCITY店,万博記念公園駅 468m,カフェ,,3.06,40,178,～￥999,～￥999,大阪府吹田市千里万博公園2-1 ららぽーとEXPOCITY 3F
セブンイレブン ハートインJR岸辺駅改札口,岸辺駅 19m,コンビニ・スーパー,,3.01,3,10,"￥1,000～￥1,999",～￥999,大阪府吹田市岸部南1-16-1 駅改札外
シラス,関大前駅 257m,串揚げ,,3.08,15,558,-,-,大阪府吹田市千里山西1-15-34
サニーストンホテル,江坂駅 179m,ホテル,,3.08,8,49,-,-,大阪府吹田市広芝町10-3
ファミリーマート 吹田青葉丘店,宇野辺駅 234m,コンビニ・スーパー,,3,1,4,-,-,大阪府吹田市青葉丘南1-33
純華楼 江坂店,江坂駅 438m,中華料理、四川料理,,3.33,78,4932,"￥2,000～￥2,999",～￥999,大阪府吹田市江坂江の木町8-12 足立第二ビル 1F
五右衛門 吹田店,吹田市,パスタ,,3.05,29,205,"￥1,000～￥1,999","￥1,000～￥1,999",大阪府吹田市佐井寺南が丘10-3
鶏白湯そば 岸良,吹田市,ラーメン,,3.48,182,3288,"￥1,000～￥1,999",～￥999,大阪府吹田市五月が丘北2-16
エサカイタリアン オカムー,江坂駅 388m,イタリアン、ピザ,,3.36,85,4505,"￥6,000～￥7,999","￥1,000～￥1,999",大阪府吹田市豊津町23-5
KOHYO 江坂店,江坂駅 192m,コンビニ・スーパー,,3,2,36,-,-,大阪府吹田市江の木町1-30
江坂ひとときテラス,江坂駅 580m,カフェ,,3.12,14,753,-,"￥1,000～￥1,999",大阪府吹田市江坂町2-2-15
和み,阪大病院前駅 613m,カフェ,,3.09,12,79,-,～￥999,大阪府吹田市千里万博公園9-2
炭火焼肉　元喜,吹田市,焼肉、ホルモン、韓国料理,,3.04,9,361,"￥3,000～￥3,999",-,大阪府吹田市五月が丘北2-52-112 千里スカイラーク　１Ｆ
三駒寿司,吹田市,寿司,,3.02,1,43,-,-,大阪府吹田市山田南21-7
キッチンオリジン 吹田店,吹田（ＪＲ）駅 244m,弁当,,3,1,10,-,-,大阪府吹田市朝日町15-24
ドミノ・ピザ 吹田岸部店,岸辺駅 805m,ピザ,,3,1,8,-,-,大阪府吹田市岸部中2-4-11
仁平,吹田（ＪＲ）駅 491m,居酒屋,,,6,,-,-,大阪府吹田市片山町4-2-12
うまから本舗 関大前店,関大前駅 332m,からあげ、食堂,,3.04,6,125,～￥999,～￥999,大阪府吹田市千里山東1-9-13
さくらじま,千里丘駅 578m,居酒屋,,,18,,-,-,大阪府吹田市長野東14-4
森の洋食 グリルみんぱく,万博記念公園駅 626m,洋食、ファミレス、カフェ,,3.22,34,311,-,"￥1,000～￥1,999",大阪府吹田市千里万博公園10-1 国立民族学博物館 1F
Le Porc,千里丘駅 591m,イタリアン、創作料理,,3.18,19,975,-,"￥1,000～￥1,999",大阪府吹田市長野東14-5
プチプランス クグロフ ららぽーとEXPOCITY店,万博記念公園駅 535m,ケーキ、カフェ,,3.13,83,745,～￥999,～￥999,大阪府吹田市千里万博公園2-1 ららぽーとEXPOCITY
焼肉味園 江坂駅前店,江坂駅 74m,焼肉,,3.56,77,2326,"￥5,000～￥5,999","￥1,000～￥1,999",大阪府吹田市豊津9-15 日本興業ビル 3F
#acai BOWL,関大前駅 428m,スイーツ,,3.07,7,49,-,-,大阪府吹田市千里山東1-18-14
ツインリバーブ,江坂駅 430m,バー,,3.04,3,31,-,-,大阪府吹田市江の木町8-24 小川ビル 1F
レストランバー 雅,江坂駅 56m,ダイニングバー、バー、鍋,,,28,,"￥4,000～￥4,999",-,大阪府吹田市江坂町1-23-35 コーポ江坂ビル 4F
大阪大学医学部附属病院一般食堂,阪大病院前駅 187m,食堂,,3.09,27,193,-,～￥999,大阪府吹田市山田丘2-15 大阪大学医学部附属病院 1F
ルマタン・ドゥ・ラヴィ,山田駅 579m,パン、サンドイッチ,,3.51,93,5480,-,-,大阪府吹田市山田西3-57-16
ファミリーマート 佐井寺南が丘店,吹田市,コンビニ・スーパー,,3.02,1,4,-,-,大阪府吹田市佐井寺南が丘9-6
無添くら寿司 江坂店,緑地公園駅 683m,回転寿司,,3.04,45,273,"￥1,000～￥1,999","￥1,000～￥1,999",大阪府吹田市江坂町5-15-10
イズミヤ 千里丘店,吹田市,コンビニ・スーパー,,,1,10,-,-,大阪府吹田市山田南1-1
憩,岸辺駅 871m,喫茶店,,,9,,-,-,大阪府吹田市岸部中2-2-27
らーめん鱗 江坂店,江坂駅 312m,ラーメン,,3.48,467,8919,"￥1,000～￥1,999","￥1,000～￥1,999",大阪府吹田市豊津町16-5
播磨屋本店 大阪江坂店,江坂駅 304m,和菓子、甘味処、カフェ,,3.08,44,791,-,"￥3,000～￥3,999",大阪府吹田市江の木町17-1 江坂全日空ビル 1F
キャッスル,豊津駅 862m,パン、サンドイッチ、洋菓子,,3.08,14,287,-,-,大阪府吹田市 南金田1-3-30
鮨処 水無月,江坂駅 625m,寿司、海鮮,,3.58,35,3335,"￥8,000～￥9,999",-,大阪府吹田市江坂町1-12-1 家村ビル
Crepe Shop SARU 江坂駅前店,江坂駅 125m,クレープ・ガレット,,,14,,-,-,大阪府吹田市豊津町10-7 アカツキハイツ 1F
ガルル珈琲,吹田市,カフェ、喫茶店,,3.49,236,6779,～￥999,～￥999,大阪府吹田市上山手町26-7
エ プロント ビエラ岸辺健都店,岸辺駅 233m,カフェ、パン、バー,,3.05,42,327,～￥999,～￥999,大阪府吹田市岸部新町5-45 VIERRA岸辺健都 2F
IZAKAYA マウンテン,吹田市,串揚げ、居酒屋,,3.05,3,45,"￥3,000～￥3,999",-,大阪府吹田市山田東1-23-21
三楽,江坂駅 520m,居酒屋,,3.07,10,456,"￥3,000～￥3,999",-,大阪府吹田市垂水町3-31-31
ケンタッキーフライドチキン 吹田店,吹田（ＪＲ）駅 225m,からあげ,,3.01,10,42,-,-,大阪府吹田市朝日町15-3
Cafe&Bal Magis,江坂駅 621m,カフェ,,3.17,25,798,"￥1,000～￥1,999",～￥999,大阪府吹田市垂水町3-10-20 1F
おやつのusamame,千里山駅 58m,スイーツ,,3,3,23,-,-,大阪府吹田市千里山西5-2-5 アクネビル 1F
Hilo’s Wagon,関大前駅 580m,スイーツ、ピザ、タコス,,,1,1,-,-,大阪府吹田市山手町3-3-35 関西大学 千里山キャンパス
とり琉 桃山台駅ビル店,桃山台駅 45m,焼き鳥,,3.07,9,117,"￥2,000～￥2,999",-,大阪府吹田市桃山台5-1-C20 senri MOMOSTA B1F
きよちゃん家,吹田（ＪＲ）駅 378m,パン、カフェ,,3.01,2,87,-,～￥999,大阪府吹田市昭和町18-4
天ぷら ささき,千里丘駅 457m,天ぷら,,3.34,45,1790,"￥1,000～￥1,999","￥1,000～￥1,999",大阪府吹田市長野東18-4
和洋折衷 ここ,江坂駅 346m,居酒屋,,3.04,18,475,-,～￥999,大阪府吹田市江坂町1-14-23 １Ｆ
街かど屋 江坂店,江坂駅 131m,食堂,,3.05,54,391,～￥999,-,大阪府吹田市江坂町1-22-23 江坂中央ビル1F
セブンイレブン 阪急山田駅前店,山田駅 36m,コンビニ・スーパー,,3.02,1,2,-,-,大阪府吹田市山田西4-2-86
レストランかもしま,江坂駅 523m,食堂,,3.08,16,436,-,～￥999,大阪府吹田市垂水町3-22-20 ２Ｆ
ピザハット 南千里店,吹田市,ピザ,,3,2,7,-,-,大阪府吹田市山田南30-35
らーめん これこれ,江坂駅 263m,ラーメン,,3.7,1340,25774,"￥1,000～￥1,999","￥1,000～￥1,999",大阪府吹田市江坂町1-20-30 キャロル江坂 1F
凛,千里山駅 56m,そば、居酒屋,,3.1,12,304,-,-,大阪府吹田市千里山西5-2-5 加藤ビル 2F
スターバックスコーヒー 江坂オッツ店,江坂駅 120m,カフェ,,3.09,73,356,～￥999,-,大阪府吹田市豊津町14-8
シーユーアゲインやきやきルーム,豊津駅 36m,お好み焼き,,3,1,12,-,-,大阪府吹田市山手町2-7-7
たこたまや 江坂店,江坂駅 131m,たこ焼き,,3.05,3,103,-,-,大阪府吹田市豊津町10-11
参と壱,吹田（ＪＲ）駅 559m,居酒屋、海鮮、寿司,,3.08,8,224,"￥4,000～￥4,999",-,大阪府吹田市片山町1-25-7
旬菜 神その,南千里駅 760m,日本料理、海鮮,,3.07,13,572,"￥4,000～￥4,999","￥1,000～￥1,999",大阪府吹田市高野台1-6-11 高野台近隣センター内
ふつうの居酒屋,吹田（ＪＲ）駅 394m,居酒屋、食堂、弁当,,3.05,5,128,"￥3,000～￥3,999",～￥999,大阪府吹田市高浜町8-6 パラジュール高浜 1F
金沢まいもん寿司 吹田グリーンプレイス店,吹田（ＪＲ）駅 445m,回転寿司,,3.51,204,7085,"￥3,000～￥3,999","￥2,000～￥2,999",大阪府吹田市片山町2-3-9 吹田グリーンプレイス
華匠庵,豊津駅 232m,和菓子、ケーキ,,3.01,3,52,-,-,大阪府吹田市山手町1-7-27
富山ろくちょう,江坂駅 369m,居酒屋、沖縄料理,,3.16,19,729,"￥4,000～￥4,999",-,大阪府吹田市江の木町16-33
肉の寿屋,桃山台駅 377m,その他,,3.05,9,236,-,-,大阪府吹田市桃山台2-5-4
ダイコクドラッグ JR吹田駅前店,吹田（ＪＲ）駅 195m,その他,,,1,5,-,-,大阪府吹田市元町5-10
やきとり一番 吹田郵便局前店,吹田（阪急）駅 507m,焼き鳥,,3.01,1,35,-,-,大阪府吹田市穂波町3-21
HAKUBI COFFEE,関大前駅 283m,コーヒースタンド、カフェ,,3.1,9,362,-,～￥999,大阪府吹田市千里山東1-17-51 1F
イタリアン酒場 バール ジーニョ,吹田（阪急）駅 532m,ダイニングバー、イタリアン,,3.03,4,199,-,-,大阪府吹田市内本町1-23-7 SPACEGREEN SUITA 1F
Pizzeria e Osteria Codino,江坂駅 329m,イタリアン、ピザ、パスタ,,3.46,167,9800,"￥4,000～￥4,999","￥1,000～￥1,999",大阪府吹田市豊津町1-46 エクシード江坂ビル 1F
Ani,吹田（ＪＲ）駅 248m,ピザ、イタリアン,,3.29,48,1010,-,-,大阪府吹田市昭和町10-24 竹寅ビル 1F
割烹 音羽鮨 千里山店,千里山駅 39m,寿司,,3.05,18,255,"￥2,000～￥2,999","￥1,000～￥1,999",大阪府吹田市千里山西5‐2‐17
TRIP ROOM,江坂駅 330m,カフェ,,3.25,41,1276,-,"￥1,000～￥1,999",大阪府吹田市垂水町3-34-22 2F
千房 江坂店,江坂駅 477m,お好み焼き、焼きそば、鉄板焼き,,3.05,37,542,"￥1,000～￥1,999","￥1,000～￥1,999",大阪府吹田市垂水町3-28-17
器酒亭,豊津駅 42m,カフェ、バル,,3.08,15,884,"￥2,000～￥2,999",-,大阪府吹田市山手町2-7-7
マルタ,吹田市,たこ焼き、焼きそば,,3.19,45,1495,～￥999,～￥999,大阪府吹田市山田西1-1-2
ちゃんこ 時つ,千里山駅 706m,ちゃんこ鍋,,3.18,19,943,"￥3,000～￥3,999",～￥999,大阪府吹田市千里山西6-32-8
カフヴィラ キートス,山田駅 312m,カフェ,,3.05,4,346,-,～￥999,大阪府吹田市津雲台6-17 D26-6号室
ことぶき,吹田（阪急）駅 509m,パン、洋菓子,,3.01,1,18,-,-,大阪府吹田市寿町1-6-10
人類みなまぜそば 吹田店,吹田（ＪＲ）駅 450m,油そば・まぜそば,,3.47,233,3018,"￥1,000～￥1,999","￥1,000～￥1,999",大阪府吹田市内本町2-1-22
ファミリーマート 江坂駅北店,江坂駅 247m,コンビニ・スーパー,,3.03,4,6,-,-,大阪府吹田市江坂町1-13-41
日本料理みやけ,吹田（阪急）駅 328m,日本料理,,3.22,17,401,"￥4,000～￥4,999","￥1,000～￥1,999",大阪府吹田市寿町1-8-17
五・六・八食堂,江坂駅 221m,食堂、うどん、居酒屋,,3.06,13,343,"￥1,000～￥1,999",～￥999,大阪府吹田市豊津町8-11
ファミリーマート 南吹田1丁目店,南吹田駅 157m,コンビニ・スーパー,,3,3,4,～￥999,～￥999,大阪府吹田市南吹田1-9-10
ミュージック パブ キュー,豊津駅 67m,バー,,3.01,2,30,-,-,大阪府吹田市垂水町1-2-18 岡本ハイツ 208
創作キッチン シャンティ,江坂駅 525m,居酒屋,,3,3,47,-,-,大阪府吹田市豊津町54-1 タカラマンション1F
多幸や,豊津駅 659m,たこ焼き,,3.02,5,144,～￥999,～￥999,大阪府吹田市垂水町1-29-19
ロピア 吹田千里丘店,吹田市,コンビニ・スーパー,,3.02,4,34,-,-,大阪府吹田市千里丘北1-2
千,吹田（ＪＲ）駅 339m,お好み焼き,,3.01,5,61,-,-,大阪府吹田市片山町3-18-1
LAWSON 吹田青山台三丁目店,吹田市,コンビニ・スーパー,,3,4,6,-,-,大阪府吹田市青山台3-50-10-120
弁当いろは,吹田市,弁当,,3.04,3,15,-,-,大阪府吹田市五月が丘北1-10
どうとんぼり神座 ららぽーとEXPOCITY店,万博記念公園駅 448m,ラーメン,,3.06,82,334,"￥1,000～￥1,999","￥1,000～￥1,999",大阪府吹田市千里万博公園2-1 ららぽーとEXPOCITY
グリーンハウス,関大前駅 282m,インドカレー、インド料理、カレー,,3.03,5,60,～￥999,"￥1,000～￥1,999",大阪府吹田市千里山東1-16-6
びっくりドンキー 千里店,岸辺駅 902m,ファミレス、ハンバーグ,,3.08,80,345,"￥1,000～￥1,999","￥1,000～￥1,999",大阪府吹田市岸部北5丁目11-1
チルコロ,関大前駅 375m,食堂,,3.06,12,166,-,～￥999,大阪府吹田市千里山東3-10-1 新関西大学会館南棟
LIFE 桃山台店,桃山台駅 387m,コンビニ・スーパー,,,4,,-,-,大阪府吹田市桃山台2-5-1
LAWSON HA 阪急山田店,山田駅 48m,コンビニ・スーパー,,3.02,1,3,-,-,大阪府吹田市山田西4-1-1
源気温泉万博おゆば,山田駅 718m,その他,,3.07,6,19,-,-,大阪府吹田市千里万博公園11-11
大阪玉出 会津屋 ららぽーとEXPOCITY店,万博記念公園駅 461m,たこ焼き,,3.08,88,732,～￥999,～￥999,大阪府吹田市千里万博公園2-1 ららぽーとEXPOCITY 3F
上海点心菜館 桃苑,吹田（ＪＲ）駅 470m,中華料理、ラーメン、中華菓子,,3.05,7,295,-,-,大阪府吹田市片山町2-11-70
スパイスキッチン 結,吹田（ＪＲ）駅 382m,カレー,,3.09,11,370,-,"￥1,000～￥1,999",大阪府吹田市元町11-5
パインズ ハート,豊津駅 673m,洋食,,3.17,33,1364,"￥1,000～￥1,999","￥1,000～￥1,999",大阪府吹田市垂水町1-40-5 マンションアルブル
韓国家庭料理 郷村,上新庄駅 499m,韓国料理,,3.01,12,663,-,-,大阪府吹田市東御旅町2-31
蝸牛庵,下新庄駅 579m,サンドイッチ、カフェ,,3.43,78,5382,-,"￥1,000～￥1,999",大阪府吹田市川岸町15-16
吉野家 ビエラ岸辺健都店,岸辺駅 247m,牛丼,,3.03,24,86,-,～￥999,大阪府吹田市岸部新町5-45 VIERRA岸辺健都 1F
越後秘蔵麺 無尽蔵 カリーノ江坂家,江坂駅 85m,ラーメン、つけ麺,,3.04,62,453,"￥1,000～￥1,999","￥1,000～￥1,999",大阪府吹田市豊津町9-40 カリーノ江坂 Ｂ１Ｆ
Bakery labo pignon,岸辺駅 234m,パン,,3.12,14,143,-,-,大阪府吹田市岸部新町5-45 VIERRA岸辺健都 1F
ロンシャン,江坂駅 369m,カフェ、ダイニングバー,,3.13,30,875,"￥2,000～￥2,999",～￥999,大阪府吹田市江の木町13-5
手羽助 関大前店,関大前駅 192m,焼き鳥、居酒屋,,3.04,4,56,"￥2,000～￥2,999",-,大阪府吹田市千里山東1-7-18 パレ フタバビル 1F
ピザハット 吹田岸部店,吹田市,ピザ,,3.01,1,1,-,-,大阪府吹田市岸部北5-20-5
熊本ラーメン ひごっこ 北千里店,北千里駅 144m,ラーメン,,3.07,30,284,"￥1,000～￥1,999",～￥999,大阪府吹田市古江台4-2 ディオス北千里8番館 1F
日本橋 天丼 金子半之助 大阪ららぽーと　EXPOCITY店,万博記念公園駅 468m,天丼,,3.24,276,5423,"￥1,000～￥1,999","￥1,000～￥1,999",大阪府吹田市千里万博公園2-1 ららぽーとEXPOCITY 3F
よつ葉CAFE,吹田市,カフェ、パスタ、ハンバーグ,,3.1,13,224,"￥2,000～￥2,999","￥1,000～￥1,999",大阪府吹田市山田西1-21-3 ロイヤルハイツ千里 206
ALFIES BAR,江坂駅 509m,バー,,3.05,8,464,"￥2,000～￥2,999",-,大阪府吹田市江坂町2-3-4 ケンヨービル　1F
まさき,岸辺駅 141m,居酒屋,,3,2,21,-,-,大阪府吹田市岸部南2-1-18
酔笑庵ぽんぽ,吹田（ＪＲ）駅 110m,居酒屋、鳥料理、食堂,,3.06,8,99,-,-,大阪府吹田市朝日町2
ミルフィーユ ヴォージュ,南千里駅 219m,ケーキ、洋菓子,,3.09,10,117,-,-,大阪府吹田市津雲台1-1-30 トナリエ南千里 1F
連の小屋,南千里駅 757m,食堂,,,6,,-,-,大阪府吹田市高野台1-6-9 高野台近隣センター
リブマックス BUDGET江坂,江坂駅 239m,その他,,,4,,-,-,大阪府吹田市江の木町2-7
フレッシュバザール グランドセンター千里丘店,千里丘駅 761m,コンビニ・スーパー,,,1,4,-,-,大阪府吹田市長野東7-24
手づくりうどん 卯らら華,吹田（ＪＲ）駅 278m,うどん,,3.2,53,775,-,～￥999,大阪府吹田市元町7-2
ファミリーマート 桃山台駅店,桃山台駅 58m,コンビニ・スーパー,,3.04,4,23,-,-,大阪府吹田市桃山台5-1 C20-B101
馬力食堂,岸辺駅 207m,居酒屋,,3.03,4,159,-,-,大阪府吹田市岸部南2-3-10
迎賓館,阪大病院前駅 400m,結婚式場,,3.11,8,69,-,-,大阪府吹田市千里万博公園9-1
びっくりドンキー 江坂店,江坂駅 131m,ファミレス、ハンバーグ,,3.08,108,535,"￥1,000～￥1,999","￥1,000～￥1,999",大阪府吹田市豊津町14-8 江坂オッツ B1F
夕日cafe,吹田（ＪＲ）駅 215m,カフェ,,3.09,8,165,-,～￥999,大阪府吹田市元町6-19-201 2F
LAWSON 吹田岸部北三丁目店,岸辺駅 786m,コンビニ・スーパー,,,1,2,-,-,大阪府吹田市岸辺北3-2-24
シェ・ナカツカ 江坂店,江坂駅 209m,ケーキ,,3.25,40,1005,-,-,大阪府吹田市豊津町15-4
吹田サービスエリア（下り線）スナックコーナー,吹田市,食堂、たこ焼き,,3.29,99,256,～￥999,"￥1,000～￥1,999",大阪府吹田市岸部北4-7-1 吹田サービスエリア(下り線)
パン屋 トラのしっぽ,江坂駅 321m,パン、サンドイッチ、カフェ,,3.28,40,628,～￥999,～￥999,大阪府吹田市江坂町1-13-46
御座候 Dew 阪急山田店,山田駅 41m,たい焼き・大判焼き,,3.01,6,34,-,-,大阪府吹田市山田西4-1-2 デュー阪急山田 1F
小籠 ぶたまん屋 本店,豊津駅 784m,肉まん,,3,8,119,-,-,大阪府吹田市南金田1-1-37
純生食パン工房 ハレパン 江坂店,江坂駅 79m,パン,,3,3,44,～￥999,-,大阪府吹田市豊津町9-40 カリーノ 1F 東急ハンズ北側出入り口前
吹田サービスエリア上り線ショッピングコーナー,吹田市,その他,,3.05,14,47,-,-,大阪府吹田市岸部北4-8-1 吹田サービスエリア上り線
CAFE DINING VALORE.,吹田（阪急）駅 195m,カフェ,,3.22,38,385,"￥1,000～￥1,999",～￥999,大阪府吹田市泉町2-29-1 吹田市文化会館 2F
KOHYO 山田店,山田駅 105m,コンビニ・スーパー,,,1,2,-,-,大阪府吹田市山田西4-1-2-101 デュー阪急山田 1F
STARBUCKS ららぽーとEXPOCITY 1階店,万博記念公園駅 510m,カフェ,,3.07,48,152,-,-,大阪府吹田市千里万博公園2-1 ららぽーとEXPOCITY 1F
銀のさら 亥子谷店,吹田市,寿司,,3.01,1,1,-,-,大阪府吹田市山田西1-36-3 旭永 1F
ラーメン つけ麺 熱く勢ろ,関大前駅 301m,ラーメン、つけ麺,,3.18,55,2022,～￥999,～￥999,大阪府吹田市千里山西1-15-29
FREQUENTE,江坂駅 358m,ワインバー,,,1,1,-,-,大阪府吹田市豊津町16-21 1F
韓食 トントン,吹田（ＪＲ）駅 312m,韓国料理,,,2,186,"￥3,000～￥3,999",-,大阪府吹田市朝日町16-7
インフォメーションセンター エキスポ グッズ ストア,万博記念公園駅 240m,その他,,3.01,1,8,-,-,大阪府吹田市千里万博公園1-1
AT THE 21,公園東口駅 834m,お好み焼き,,3.05,6,262,-,-,大阪府吹田市千里万博公園3-3 パナソニックスタジアム吹田
新大阪江坂 東急REIホテル,江坂駅 58m,ホテル,,3.19,36,143,-,-,大阪府吹田市豊津町9-6
Crêperie Onze.,山田駅 671m,カフェ,,3.09,15,562,-,"￥1,000～￥1,999",大阪府吹田市津雲台7-5-17 1F
パセリ,吹田市,弁当,,3.02,4,92,-,-,大阪府吹田市山田東1-35-12
サル・ド・レーブ,豊津駅 235m,喫茶店,,,4,,-,-,大阪府吹田市垂水町1-9-22
鮨こにし,吹田（ＪＲ）駅 524m,寿司,,3.11,23,928,-,"￥1,000～￥1,999",大阪府吹田市内本町2丁目1-10
たこべえ,豊津駅 48m,お好み焼き,,3.02,1,5,-,-,大阪府吹田市垂水町2-1-24
ミアヴィア,江坂駅 721m,結婚式場、イタリアン,,3.17,18,79,-,-,大阪府吹田市芳野町13-8 アメニティ 江坂内
PRIMAVERA,吹田（阪急）駅 593m,イタリアン,,3.14,20,671,"￥3,000～￥3,999","￥1,000～￥1,999",大阪府吹田市内本町1-21-12
サイノカレー,相川駅 847m,カレー,,3.04,8,221,-,-,大阪府吹田市末広町21-53 吉富ビル 1F
スターバックスコーヒー 阪急南千里店,南千里駅 140m,カフェ,,3.06,37,101,-,～￥999,大阪府吹田市津雲台1-1-2 アーバス南千里 1F
福warai日曜モーニング,吹田（ＪＲ）駅 182m,カフェ、パン,,,21,,-,～￥999,大阪府吹田市朝日町5-26
かじ山,吹田（ＪＲ）駅 244m,焼き鳥、串焼き、居酒屋,,3.03,6,265,"￥2,000～￥2,999",-,大阪府吹田市朝日町13-28
COやんて,岸辺駅 985m,創作料理、居酒屋、海鮮,,3.01,4,95,-,-,大阪府吹田市岸部北5-12-13 プレゼンスハイツ　１F
ひだまり,吹田市,喫茶店、食堂、カレー,,3.08,11,105,-,～￥999,大阪府吹田市山田丘2-5 大阪大学吹田キャンパス内
パンスタジオ 江坂店,江坂駅 220m,パン,,3.04,4,60,-,-,大阪府吹田市豊津町11-5
鳥貴族 江坂東店,江坂駅 158m,焼き鳥、鳥料理、居酒屋,,3.04,28,388,"￥2,000～￥2,999",-,大阪府吹田市広芝町10-1-201 サニーストンホテル北館 2F
ガスト 関大前店,関大前駅 194m,ファミレス,,3.01,13,106,-,～￥999,大阪府吹田市千里山東1-7-18
セブンイレブン 吹田山田北店,山田駅 406m,コンビニ・スーパー,,3.02,3,11,-,-,大阪府吹田市山田北10-1
中津からあげ 総本家もり山 吹田店,吹田市,鳥料理、弁当,,3.01,7,344,～￥999,～￥999,大阪府吹田市原町4-6-17
スターバックス コーヒー 関西大学 千里山店,関大前駅 568m,カフェ,,3.01,19,128,-,～￥999,大阪府吹田市千里山東3-10-1
竹見台の食卓 光之助,桃山台駅 392m,洋食,,3.02,3,35,-,-,大阪府吹田市竹見台3-6-11
セブンイレブン 7FS大阪大学福利会館店,阪大病院前駅 695m,コンビニ・スーパー,,3,2,2,-,-,大阪府吹田市山田丘1-5
たこ春,南吹田駅 760m,たこ焼き、焼きそば,,3.05,11,220,～￥999,～￥999,大阪府吹田市南吹田5-17-1
紙ふうせん,江坂駅 316m,居酒屋,,3.05,7,147,-,-,大阪府吹田市江の木町5-24
セブンイレブン モノウェル万博記念公園店,万博記念公園駅 43m,コンビニ・スーパー,,3.01,3,5,-,-,大阪府吹田市千里万博公園1-1 千里万博公園内
木曽路 江坂店,江坂駅 285m,しゃぶしゃぶ、すき焼き、日本料理,,3.16,103,1169,"￥4,000～￥4,999","￥1,000～￥1,999",大阪府吹田市江坂町1-21-11
うえむら惣菜店,豊津駅 197m,弁当,,3.01,1,11,-,-,大阪府吹田市垂水町2-4-37 シンコー店内
LAWSON 江坂駅前店,江坂駅 160m,コンビニ・スーパー,,3.02,4,16,～￥999,～￥999,大阪府吹田市豊津町1-22
旬菜食堂,吹田（ＪＲ）駅 478m,ダイニングバー,,3.07,10,187,-,～￥999,大阪府吹田市片山町2-11-70 1F
オム&デリ ファクトリー,吹田（ＪＲ）駅 436m,オムライス,,3.08,19,249,-,"￥1,000～￥1,999",大阪府吹田市片山町2-4-1 吹田グリーンプレイス
おとん,南吹田駅 628m,たこ焼き,,3.04,8,66,-,-,大阪府吹田市南金田2-6-6
桂宝,吹田（ＪＲ）駅 290m,中華料理,,3.17,16,232,-,"￥1,000～￥1,999",大阪府吹田市朝日町18-2
萠茶 KIZASHI,江坂駅 118m,カフェ,,3.27,63,2152,-,～￥999,大阪府吹田市江坂町1-23-101 大同生命ビル 2F
テキサスBBQ&ステーキ Re DINER,公園東口駅 927m,丼,,,3,9,-,-,大阪府吹田市千里万博公園3-3 パナソニックスタジアム吹田
ななを,吹田（阪急）駅 187m,立ち飲み,,3.03,4,95,-,-,大阪府吹田市寿町1-1-2
LAWSON 吹田山田西一丁目店,吹田市,コンビニ・スーパー,,3.02,3,7,-,-,大阪府吹田市山田西1-37-1
大和大学 学生食堂 大～TAI～,吹田（ＪＲ）駅 558m,学生食堂,,3.08,7,50,"￥5,000～￥5,999",～￥999,大阪府吹田市片山町2-5-1
北極星 ららぽーとEXPOCITY店,万博記念公園駅 506m,オムライス、洋食,,3.08,90,1090,～￥999,～￥999,大阪府吹田市千里万博公園2-1 ららぽーとEXPOCITY 3F
ジョニーのからあげ 岸辺駅前店,岸辺駅 230m,からあげ,,3.01,3,54,-,-,大阪府吹田市岸部南1-24-8
HANA,相川駅 269m,インドカレー,,3.01,3,12,-,-,大阪府吹田市南高浜町31-13
イーキューブ カフェ,相川駅 557m,カフェ,,3,1,52,-,"￥1,000～￥1,999",大阪府吹田市南高浜町2-1
片山酒店,吹田（ＪＲ）駅 563m,バー、立ち飲み,,3.01,1,39,～￥999,～￥999,大阪府吹田市片山町4-14-24
家族亭 南千里店,南千里駅 194m,そば、うどん、日本料理,,3.03,21,93,"￥1,000～￥1,999","￥1,000～￥1,999",大阪府吹田市津雲台1-1-30 トナリエ南千里 2F
スタンドあまみ,吹田（ＪＲ）駅 387m,居酒屋,,,4,,-,-,大阪府吹田市片山町1-13-1
LIVING PARK,万博記念公園駅 460m,バーベキュー、焼肉,,,1,11,-,-,大阪府吹田市千里万博公園10-16 万博記念公園自然文化園せせらぎ広場
コハマ,関大前駅 315m,イタリアン、パスタ,,3.17,17,677,"￥3,000～￥3,999","￥1,000～￥1,999",大阪府吹田市千里山東1-17-48
小さな焼き菓子屋,吹田（ＪＲ）駅 425m,洋菓子,,3.1,12,573,-,-,大阪府吹田市片山町3-33-14
かじか,吹田市,寿司,,3.05,4,148,"￥6,000～￥7,999",-,大阪府吹田市五月が丘南8-17
かぶら屋 江坂店,江坂駅 116m,居酒屋,,3.07,44,374,"￥2,000～￥2,999",-,大阪府吹田市豊津町10-11 池上ビル 1F 103
やきとり とりQ,江坂駅 465m,焼き鳥,,3.02,1,17,-,-,大阪府吹田市豊津町18-20 月見ハウス 1F
からカレー屋,岸辺駅 169m,カレー,,,2,,-,-,大阪府吹田市岸部南1-17-8
タブレス キッチン ららぽーとEXPOCITY店,万博記念公園駅 468m,カフェ、イタリアン、ケーキ,,3.35,108,1615,"￥1,000～￥1,999","￥1,000～￥1,999",大阪府吹田市千里万博公園2-1 ららぽーとEXPOCITY
うを常,吹田（ＪＲ）駅 449m,海鮮、日本料理、揚げ物,,3.07,8,251,"￥3,000～￥3,999","￥1,000～￥1,999",大阪府吹田市片山町3-34-17
波津馬 本店,吹田（ＪＲ）駅 294m,馬肉料理,,3.33,62,3084,"￥6,000～￥7,999",-,大阪府吹田市片山町1-10-22 ワイズマンション　１Ｆ
ブティックノーム,緑地公園駅 499m,ケーキ,,,1,10,-,-,大阪府吹田市千里山西4-30-8 ヴェルタ千里山　１Ｆ
第一楼,吹田（ＪＲ）駅 213m,中華料理、ビュッフェ,,3.38,96,6781,"￥2,000～￥2,999","￥1,000～￥1,999",大阪府吹田市片山町1-1 メロード吹田 38F
ORDER,江坂駅 581m,カレー、喫茶店、バー,,3.09,16,199,-,-,大阪府吹田市垂水町3-17 第一田中マンション102
みつ澤,千里丘駅 451m,もつ鍋、ホルモン、居酒屋,,3.07,20,1726,"￥4,000～￥4,999",-,大阪府吹田市長野東18-3
さくらカフェ,吹田（ＪＲ）駅 237m,カフェ,,3.05,5,71,-,～￥999,大阪府吹田市元町6-6
クック チャム 千里山店,千里山駅 101m,惣菜・デリ、弁当,,3.01,3,24,-,-,大阪府吹田市千里山西1-41-27
パティスリー シロ・デラブル,江坂駅 317m,ケーキ、チョコレート,,3.63,343,10372,～￥999,-,大阪府吹田市江の木町5-3 レーベンハウス江坂 1F
シャトレーゼ 千里店,岸辺駅 894m,洋菓子、ケーキ,,3.03,15,48,-,-,大阪府吹田市岸部北5-11-1
ラム白湯専門店 羊羊羊,関大前駅 254m,ラーメン,,3.33,50,934,"￥1,000～￥1,999","￥1,000～￥1,999",大阪府吹田市千里山東1-7-22
蜀王府,江坂駅 95m,中華料理、担々麺、四川料理,,3.35,93,2040,"￥2,000～￥2,999","￥1,000～￥1,999",大阪府吹田市豊津町9-44 ハートランド江坂 301
いちまさキッチン,吹田（ＪＲ）駅 666m,居酒屋、ラーメン、食堂,,,3,28,"￥2,000～￥2,999",～￥999,大阪府吹田市日の出町2-1
ムーンスター,江坂駅 84m,インド料理,,3.12,25,197,"￥2,000～￥2,999","￥1,000～￥1,999",大阪府吹田市豊津町9-40 カリーノ江坂 B1F
Dog Run Cafe THE RUN,宇野辺駅 404m,カフェ,,,20,,"￥1,000～￥1,999","￥1,000～￥1,999",大阪府吹田市青葉丘北13-1 メロディハイム吹田青葉丘 1F
極みとんかつ かつ喜　 吹田店,吹田（ＪＲ）駅 471m,とんかつ,,3.08,70,618,"￥2,000～￥2,999","￥1,000～￥1,999",大阪府吹田市片山町2-3-13 吹田グリーンプレイス
EAT EAT EAT,万博記念公園駅 338m,カフェ,,3.29,86,636,"￥1,000～￥1,999","￥1,000～￥1,999",大阪府吹田市千里万博公園2-1 ニフレル 2F
旬屋 じょう崎,吹田（ＪＲ）駅 212m,日本料理,,3.21,25,913,"￥8,000～￥9,999",-,大阪府吹田市元町6-3
カフェ 樹,吹田（ＪＲ）駅 254m,カフェ、パンケーキ,,3.22,38,743,-,～￥999,大阪府吹田市元町8-30
ほっともっと 吹田山田東店,吹田市,弁当,,3.01,1,20,-,-,大阪府吹田市山田東1-10-24
だし自慢うどん屋柏本,吹田市,うどん、カレーうどん、親子丼,,3.26,56,1252,-,"￥1,000～￥1,999",大阪府吹田市五月が丘東13-18 102
銀や 千里丘店,吹田市,海鮮、居酒屋,,3.08,21,378,"￥4,000～￥4,999",-,大阪府吹田市山田南10番1号
静屋 ららぽーとEXPOCITY店,万博記念公園駅 455m,スイーツ,,3.02,2,40,～￥999,～￥999,大阪府吹田市千里万博公園2-1 ららぽーとEXPOCITY 3F
鰻の成瀬 江坂店,江坂駅 394m,うなぎ,,3.08,70,1559,"￥2,000～￥2,999","￥2,000～￥2,999",大阪府吹田市豊津町17-8 RFコンフォール 1F
野の香,江坂駅 416m,お好み焼き、居酒屋、鉄板焼き,,3.22,21,781,"￥1,000～￥1,999",-,大阪府吹田市江の木町17-20 パルムハウス江坂 102
メシヤノミカタ吹田工場,豊津駅 784m,肉まん,,3,3,30,-,-,大阪府吹田市南金田1-1-37
コミックパーク 関大前店,関大前駅 203m,その他,,,2,,-,-,大阪府吹田市千里山東1-7-18
楽楽 阪急豊津駅店,豊津駅 38m,お好み焼き,,3.08,13,125,-,～￥999,大阪府吹田市山手町2-7-3
Bar BoomBoom,千里丘駅 587m,バー,,3.02,1,18,-,-,大阪府吹田市長野東14-5
テニスレストラン,江坂駅 794m,食堂、喫茶店,,3.01,1,20,-,-,大阪府吹田市芳野町13-50 江坂テニスセンター
アラウンドカフェ,山田駅 624m,カフェ,,3.04,4,112,-,-,大阪府吹田市山田東4-41 1F
セブン-イレブン ハートイン JR吹田駅東改札口店,吹田（ＪＲ）駅 121m,コンビニ・スーパー,,,1,3,"￥1,000～￥1,999",～￥999,大阪府吹田市朝日町1-1 駅改札外
いっぷく屋,山田駅 721m,カフェ、レストラン,,3,3,12,-,-,大阪府吹田市千里万博公園11-11 万博　おゆば施設内
三男坊,江坂駅 836m,居酒屋,,3.03,5,63,"￥2,000～￥2,999",～￥999,大阪府吹田市南金田2-14-8 1Ｆ
彩哲,吹田（ＪＲ）駅 183m,ラーメン,,3.7,488,10654,"￥1,000～￥1,999","￥1,000～￥1,999",大阪府吹田市朝日町5-24
丸源ラーメン 吹田千里店,岸辺駅 890m,ラーメン、つけ麺、餃子,,3.07,77,297,-,～￥999,大阪府吹田市岸部北5-11-1
手づくり弁当の店 サフラン,北千里駅 592m,弁当,,,1,15,-,-,大阪府吹田市青山台2-1-9
にぎり長次郎 吹田原町店,吹田市,回転寿司,,3.01,6,30,-,-,大阪府吹田市原町2-32-1
いっぺい飯店,江坂駅 476m,中華料理,,3.07,9,215,-,"￥1,000～￥1,999",大阪府吹田市江坂町2丁目4-25 104
かもん,岸辺駅 179m,居酒屋,,3.07,8,231,-,-,大阪府吹田市岸辺南2-2-15 サンハイツ岸辺 1F
Mr.GREEK,関大前駅 332m,スイーツ、カフェ,,,7,,-,-,大阪府吹田市千里山東1-14-4 MAX'S関大 前1F
PATRA,関大前駅 240m,バー,,,4,,-,-,大阪府吹田市千里山東1-7-20
リポーズプラス,関大前駅 456m,カフェ,,3.02,2,127,-,-,大阪府吹田市千里山東1-12-1
ほっかほっか亭 片山町,吹田（ＪＲ）駅 584m,弁当,,,6,,-,-,大阪府吹田市片山町4-14-22
京食パン工房 ここん 吹田店,吹田（ＪＲ）駅 210m,パン,,,16,,-,-,大阪府吹田市朝日町14-9 サンセール吹田 1F
サンドウィッチハウスグランディール,関大前駅 411m,サンドイッチ,,3.03,3,50,-,-,大阪府吹田市千里山東1-18-4 FERRA4番館
レストラン さくら,宇野辺駅 512m,日本料理、洋食,,3.02,1,2,-,-,大阪府吹田市青葉丘南10-1
無添くら寿司 トナリエ南千里店,南千里駅 194m,回転寿司,,3.06,44,237,"￥1,000～￥1,999","￥1,000～￥1,999",大阪府吹田市津雲台1-1-30 トナリエ南千里店 2F
藁ざんまい,北千里駅 584m,海鮮,,3.05,8,207,-,-,大阪府吹田市青山台2-1-4 青山台近隣センター
ハレノチ晴 吹田本店,吹田（ＪＲ）駅 398m,ラーメン、油そば・まぜそば,,3.55,354,6620,～￥999,～￥999,大阪府吹田市片山町2-4-1 吹田グリーンプレイス
ニュースカフェ,江坂駅 366m,食堂、ケーキ、カフェ,,3.41,127,4414,"￥1,000～￥1,999","￥1,000～￥1,999",大阪府吹田市豊津町16-20
ドリップカフェ,吹田市,カフェ、パン,,3.04,5,27,-,～￥999,大阪府吹田市岸部北4-7-1 吹田サービスエリア 下り線
酒スタンド 魚蔵,江坂駅 344m,立ち飲み,,3.26,36,1091,"￥3,000～￥3,999",～￥999,大阪府吹田市垂水町3-35-25 T&Tレジャービル 1F
セブンイレブン エスコタウン店,江坂駅 147m,コンビニ・スーパー,,3,4,9,-,-,大阪府吹田市豊津町10-2
牛タン侍,江坂駅 84m,居酒屋、牛タン、ホルモン,,,110,,"￥4,000～￥4,999",-,大阪府吹田市豊津町9-44 ハートランド江坂 B1F
町村農場 ららぽーとEXPOCITY店,万博記念公園駅 465m,ソフトクリーム,,3.07,52,562,～￥999,～￥999,大阪府吹田市千里万博公園2-1 ららぽーとEXPOCITY 3F
じゃんぼ總本店 北千里駅前店,北千里駅 51m,たこ焼き、お好み焼き、焼きそば,,3,2,32,-,-,大阪府吹田市古江台4-119 ディオス北千里5番館 1F
らーめん亀王 南千里店,南千里駅 176m,ラーメン,,3.18,37,161,"￥1,000～￥1,999",～￥999,大阪府吹田市津雲台1-1-30
梅澤,江坂駅 362m,焼き鳥、鳥料理、居酒屋,,3.32,52,2743,"￥3,000～￥3,999",-,大阪府吹田市豊津町1-50
三洋,吹田（ＪＲ）駅 92m,バー、カレー、サンドイッチ,,3.17,35,1488,-,～￥999,大阪府吹田市朝日町2-123 吹田さんくす2番館　さんくす味ののれん街 Ｂ１Ｆ
レストランAOZORA,北千里駅 947m,洋食,,3.05,4,11,-,-,大阪府吹田市山田丘2-1 大阪大学工学研究科U１E棟 15F
高砂,千里山駅 445m,和菓子,,3,5,35,-,-,大阪府吹田市千里山高塚2-3
元町カレー,吹田（ＪＲ）駅 413m,カレー,,3.05,9,103,-,～￥999,大阪府吹田市元町7-16
日本のいいもの食堂 ハレとケ,山田駅 254m,食堂、寿司、カフェ,,3.38,90,2519,"￥3,000～￥3,999","￥1,000～￥1,999",大阪府吹田市津雲台5-11-1-3
珉龍 吹田本店,吹田（ＪＲ）駅 472m,中華料理、ラーメン、餃子,,3.24,51,1146,"￥1,000～￥1,999","￥1,000～￥1,999",大阪府吹田市元町33-13
コリナコーヒー,吹田（ＪＲ）駅 457m,カフェ,,3.37,61,3168,-,"￥1,000～￥1,999",大阪府吹田市片山町2-11-70
青山,正雀駅 167m,喫茶店,,3.03,5,70,-,～￥999,大阪府吹田市岸部南1-11-3
タンバリン食堂,吹田市,その他,,3,3,512,-,-,大阪府吹田市樫切山18-8 1F
うどん 司,吹田（ＪＲ）駅 410m,うどん,,3.32,51,898,-,"￥1,000～￥1,999",大阪府吹田市片山町3-33-17
わかば,千里丘駅 600m,居酒屋、焼き鳥,,3.23,37,1307,"￥3,000～￥3,999",-,大阪府吹田市長野東14-5
阪急ベーカリーショップ 南千里店,南千里駅 214m,パン、サンドイッチ,,3.06,7,35,-,-,大阪府吹田市津雲台1-1-30 阪急オアシス南千里店内
ガスト カリーノ江坂店,江坂駅 79m,ファミレス,,3.03,11,36,"￥1,000～￥1,999",-,大阪府吹田市豊津町9-40 カリーノ江坂 B1F
モノクローム,吹田（ＪＲ）駅 188m,喫茶店,,3.07,10,57,-,～￥999,大阪府吹田市朝日町2-121 吹田さんくす2番館 1F
食彩酒屋びーわん,吹田（ＪＲ）駅 115m,中華料理、居酒屋,,3.24,26,223,-,～￥999,大阪府吹田市朝日町 2吹田さんくす2番街味ののれん街B-1
glacier concorde,千里丘駅 666m,ジェラート・アイスクリーム,,3.21,33,1015,-,-,大阪府吹田市千里丘西8-1
サンミッシェル,千里山駅 79m,パン、ケーキ,,3.01,1,23,-,-,大阪府吹田市千里山西1-41-31
九州長浜ラーメン 南州屋,吹田（ＪＲ）駅 972m,ラーメン,,3.55,209,4097,"￥1,000～￥1,999",～￥999,大阪府吹田市天道町13-7
とっとこ,岸辺駅 954m,ラーメン,,3.18,43,644,～￥999,～￥999,大阪府吹田市岸部北5-12‐9
グリーンガーデン,江坂駅 971m,洋食、喫茶店,,3.04,3,13,-,"￥1,000～￥1,999",大阪府吹田市芳野町13-90 江坂ゴルフセンター内
炭焼料理ちさと,吹田市,焼き鳥,,3.03,2,47,-,-,大阪府吹田市五月が丘東13-1
阪急OASIS 千里山竹園店,緑地公園駅 455m,コンビニ・スーパー,,,3,7,-,-,大阪府吹田市千里山竹園1-1-1
バルベラ,関大前駅 371m,イタリアン、パスタ、ワインバー,,3.26,47,2382,"￥6,000～￥7,999",-,大阪府吹田市千里山東1-10-1
ザ・めしや 吹田穂波店,吹田（阪急）駅 475m,食堂,,3.04,34,112,"￥1,000～￥1,999",-,大阪府吹田市穂波町3-27
Lusty,吹田（ＪＲ）駅 127m,その他,,,6,,-,-,大阪府吹田市元町5-23 レジャービルＥＩＷＡ
ばってんや長衛,豊津駅 80m,和菓子,,3.06,10,132,-,-,大阪府吹田市垂水町1-2-3
稲葉,阪大病院前駅 187m,うどん、食堂、親子丼,,3.16,25,183,～￥999,～￥999,大阪府吹田市山田丘2-15 大阪大学医学部付属病院　１Ｆ
ル ヴェール フレ,江坂駅 426m,フレンチ、ビストロ、野菜料理,,3.57,174,12058,"￥4,000～￥4,999","￥2,000～￥2,999",大阪府吹田市豊津町5-17 スリーエスマンション1F
ＣｏＣｏ壱番屋 吹田豊津店,江坂駅 304m,カレー,,3.05,41,207,"￥1,000～￥1,999","￥1,000～￥1,999",大阪府吹田市豊津町16-5
八角,岸辺駅 169m,居酒屋,,3.02,1,58,-,-,大阪府吹田市岸部南1-17-17
お食事・呑み処 すずめ,江坂駅 315m,居酒屋、食堂,,3.08,10,67,"￥2,000～￥2,999",～￥999,大阪府吹田市広芝町8-23
阪急OASIS 桃山台店,桃山台駅 191m,コンビニ・スーパー,,3,2,10,～￥999,～￥999,大阪府吹田市桃山台5-2-2
Sun&Umbrella,江坂駅 556m,ダイニングバー、食堂,,3.02,1,10,"￥3,000～￥3,999",～￥999,大阪府吹田市江坂町2-8-15 池上第三ビル 1F
ファミリーマート 吹田山田西店,吹田市,コンビニ・スーパー,,3,1,3,-,-,大阪府吹田市山田西2-7-16
THE ALLEY ららぽーとEXPOCITY,万博記念公園駅 404m,カフェ、ティースタンド、タピオカ,,3.01,4,21,-,-,大阪府吹田市千里万博公園2-1 三井ショッピングパークららぽーとＥＸＰＯＣＩＴＹ 1F
クイーン,江坂駅 56m,バー,,,5,,-,-,大阪府吹田市江坂町1-23-35 コーポ江坂ビル 8F
なななCrêpes,吹田市,クレープ・ガレット,,3.05,3,73,-,-,大阪府吹田市山田東1-23-21
ファミリーマート 吹田垂水町一丁目店,豊津駅 198m,コンビニ・スーパー,,3.02,1,3,-,-,大阪府吹田市垂水町1-7-6
メイ,江坂駅 297m,中華料理,,3.58,25,3101,"￥40,000～￥49,999",-,大阪府吹田市江坂町1-21-39 土泰第1ビル
どうとんぼり 神座 江坂店,江坂駅 153m,ラーメン,,3.09,22,100,-,"￥1,000～￥1,999",大阪府吹田市江の木町1-39
ミニストップ 吹田清水店,公園東口駅 971m,コンビニ・スーパー,,3.02,1,3,-,-,大阪府吹田市清水9-9
金爾,江坂駅 326m,居酒屋,,3.59,166,6563,"￥5,000～￥5,999","￥1,000～￥1,999",大阪府吹田市豊津町2-22 マーキビル 1F
うるま島,江坂駅 332m,沖縄料理,,3.07,22,984,"￥2,000～￥2,999",-,大阪府吹田市垂水町3-35-25 タケダビル 1F
シャトレー洋菓子店,吹田（阪急）駅 175m,ケーキ,,3.15,22,286,-,-,大阪府吹田市寿町1丁目1-1
肉処 倉 吹田グリーンプレイス店,吹田（ＪＲ）駅 423m,焼肉,,3.17,44,827,"￥4,000～￥4,999","￥1,000～￥1,999",大阪府吹田市片山町2-3-5
おやつ屋 ZAZIE,吹田市,ケーキ、洋菓子,,3.09,12,423,-,-,大阪府吹田市岸部北5-20-3 サンリッツ東千里 1F
佳肴の厨,桃山台駅 416m,弁当,,3,3,27,-,-,大阪府吹田市竹見台3-6-19
マクドナルド Dew阪急山田店,山田駅 41m,ハンバーガー,,3.03,18,69,～￥999,～￥999,大阪府吹田市山田西4-1-2 デュー阪急山田 2F
109シネマズ 大阪エキスポシティ,万博記念公園駅 407m,その他,,3.05,7,32,-,-,大阪府吹田市千里万博公園2-1 EXPOCITY内
和食 英,吹田市,海鮮、日本料理、居酒屋,,3.07,13,430,"￥5,000～￥5,999",-,大阪府吹田市山田市場1-4
サクラ カフェ,江坂駅 392m,カフェ,,3.04,3,68,-,～￥999,大阪府吹田市江の木町16-9 愛和会ビル 1F
阪急OASIS 吹田片山店,吹田（ＪＲ）駅 451m,コンビニ・スーパー,,,3,12,-,-,大阪府吹田市片山町2-4-1 吹田グリーンプレイス内 阪急オアシス
イオン 吹田店,吹田（ＪＲ）駅 162m,コンビニ・スーパー,,,3,,-,-,大阪府吹田市朝日町2-101
長城,千里山駅 126m,中華料理、餃子,,3.34,66,1826,"￥2,000～￥2,999",～￥999,大阪府吹田市千里山東2-22-18
焼鳥 景気屋,江坂駅 426m,焼き鳥,,3.09,15,531,"￥3,000～￥3,999",-,大阪府吹田市江の木町14-23 スタジオ108江坂
つけ麺 雀 関大前店,関大前駅 346m,つけ麺,,3.04,8,84,-,-,大阪府吹田市千里山東1-14-1
音カフェ カラカラ,吹田市,カフェ、ピザ、オーガニック,,3.03,2,335,-,"￥1,000～￥1,999",大阪府吹田市五月が丘東9-9 五月が丘ハイツ辻 1F
ファミリーマート 大阪万博公園店,山田駅 676m,コンビニ・スーパー,,3,2,5,-,-,大阪府吹田市千里万博公園13-9
やきとり屋とりどーる 吹田店,山田駅 225m,焼き鳥、からあげ,,3.03,23,420,-,-,大阪府吹田市山田西4-1-20
極麺 青二犀,相川駅 843m,ラーメン、つけ麺,,3.73,851,28324,-,～￥999,大阪府吹田市末広町21-53
レコンフォルテ,千里山駅 208m,フレンチ,,3.3,55,2558,"￥8,000～￥9,999","￥4,000～￥4,999",大阪府吹田市千里山西1-37-1
大起水産 街のみなと 吹田山田店,山田駅 56m,寿司,,3.01,6,76,-,-,大阪府吹田市山田西4-1-2 Dew阪急山田 1F
人類みなまぜそば 江坂店,江坂駅 228m,油そば・まぜそば,,3.32,99,1081,"￥1,000～￥1,999","￥1,000～￥1,999",大阪府吹田市江坂町1-13-38
焼き鳥 とりしん,吹田（ＪＲ）駅 401m,焼き鳥,,3.17,22,1193,"￥4,000～￥4,999",-,大阪府吹田市元町7-14
笑顔ノキラメキ,関大前駅 270m,ラーメン、台湾まぜそば,,3.38,119,2078,～￥999,～￥999,大阪府吹田市千里山東1-16-8
カルビープラス ららぽーとEXPOCITY店,万博記念公園駅 510m,スイーツ,,3.11,123,655,～￥999,～￥999,大阪府吹田市千里万博公園2-1 ららぽーとEXPOCITY 1F
一軒め酒場 吹田店,吹田（ＪＲ）駅 114m,居酒屋,,3.03,14,162,"￥1,000～￥1,999","￥1,000～￥1,999",大阪府吹田市元町4-7
お好み焼　順ちゃん,江坂駅 506m,お好み焼き,,3.03,6,106,-,-,大阪府吹田市豊津町18-21
麺場 田所商店 千里丘店,吹田市,ラーメン,,3.33,134,1220,-,～￥999,大阪府吹田市山田南29-10
小路,岸辺駅 769m,お好み焼き,,3,3,27,-,-,大阪府吹田市岸部北2-5-10
石竹亭,吹田（阪急）駅 244m,居酒屋、海鮮、ろばた焼き,,3.03,5,96,-,-,大阪府吹田市泉町2丁目32番16号
麺や 六三六 江坂店,江坂駅 215m,つけ麺、ラーメン、中華料理,,3.11,220,2806,"￥1,000～￥1,999","￥1,000～￥1,999",大阪府吹田市江の木町1-8
ラスティネイル,吹田（ＪＲ）駅 303m,居酒屋、ダイニングバー,,3.04,4,170,-,-,大阪府吹田市昭和町10-17 2F
マクドナルド 千里丘イズミヤ店,吹田市,ハンバーガー,,3.03,12,21,～￥999,～￥999,大阪府吹田市山田南1-1 イズミヤ千里丘店 1F
オリビオ,宇野辺駅 543m,野菜料理、オーガニック,,3.06,9,271,"￥2,000～￥2,999","￥2,000～￥2,999",大阪府吹田市青葉丘北7-2 OriginShipビル 1F
辻利兵衛本店 エキスポ万博店,万博記念公園駅 556m,和菓子、甘味処,,3.06,38,195,-,-,大阪府吹田市千里万博公園2-1 ららぽーとEXPOCITY
BAR DAY IN THE LIFE,江坂駅 650m,バー、カフェ、レストラン,,3.05,7,393,"￥1,000～￥1,999",-,大阪府吹田市垂水町3-26-15 1F
LAWSON 吹田岸部中五丁目店,岸辺駅 560m,コンビニ・スーパー,,3.07,1,1,-,-,大阪府吹田市岸辺中5-19-7
ディルクス イズミヤ千里丘店1Fフードコート,吹田市,インドカレー,,3.07,14,49,-,～￥999,大阪府吹田市山田南1-1 イズミヤ千里丘店 1Fフードコート
江原 吹田店,吹田市,その他,,,10,,-,-,大阪府吹田市山田西1-1-11
まっちゃん食堂,吹田（ＪＲ）駅 444m,食堂、居酒屋,,3.02,1,19,"￥1,000～￥1,999",-,大阪府吹田市内本町2-1-24
ルピシア ららぽーとEXPOCITY店,万博記念公園駅 567m,カフェ,,,3,31,-,-,大阪府吹田市千里万博公園2-1 ららぽーとEXPOCITY 1F
jimmy's curry,吹田（ＪＲ）駅 158m,カレー,,3.03,3,112,"￥1,000～￥1,999",-,大阪府吹田市昭和町1-1
スパイスkitchen お出汁とスパイス時々ナッツ,吹田市,カレー,,3.09,15,259,-,"￥1,000～￥1,999",大阪府吹田市五月が丘北2-11
おうちごはん grin,山田駅 603m,弁当,,3,1,38,-,-,大阪府吹田市山田東4-41
バンブードール,宇野辺駅 636m,フレンチ,,3.48,32,2527,"￥4,000～￥4,999",-,大阪府吹田市新芦屋上12-12
快活クラブ 千里本店,緑地公園駅 590m,その他,,3.02,2,11,-,-,大阪府吹田市千里山竹園1-5-1 ＡＯＫＩ大阪千里総本店 3F
炭火串焼 鳥堂,宇野辺駅 389m,居酒屋、串焼き,,3.05,5,120,-,-,大阪府吹田市青葉丘南6-9 パルプラザ１０２Ａ
江坂 酒蔵,江坂駅 355m,居酒屋、ふぐ,,3.35,37,1029,"￥3,000～￥3,999",-,大阪府吹田市垂水町3-35-18 １Ｆ
ブラッスリーモジャ,千里山駅 115m,居酒屋、ビストロ、洋食,,3.07,10,365,"￥4,000～￥4,999",-,大阪府吹田市千里山西4-9-27
GODIVA ららぽーとEXPOCITY店,万博記念公園駅 524m,チョコレート,,3.08,74,271,～￥999,～￥999,大阪府吹田市千里万博公園2-1 ららぽーとEXPOCITY 1F
シアトルズ・ベスト・コーヒー 万博記念公園店,公園東口駅 395m,カフェ,,3.04,27,155,-,～￥999,大阪府吹田市千里万博公園10
茶夢,吹田市,喫茶店,,,1,3,-,-,大阪府吹田市五月が丘南8-11
炭火焼鳥 小鉄,吹田（阪急）駅 441m,焼き鳥,,3.07,14,499,"￥3,000～￥3,999",-,大阪府吹田市内本町1-11-10 楠本ビル 1F
酒や肴　夢千代日記,岸辺駅 164m,居酒屋、海鮮,,3.11,10,486,"￥2,000～￥2,999",-,大阪府吹田市岸部南1-17-8
手打ちうどん　讃岐,正雀駅 123m,うどん,,3.19,30,752,"￥1,000～￥1,999","￥1,000～￥1,999",大阪府吹田市岸部南1-3-5 １F
寿司・肴・日本酒 しんなり,吹田（ＪＲ）駅 213m,居酒屋、寿司,,3.04,7,164,-,-,大阪府吹田市元町19-5 第3ケイエム・ワン 1F
てつ,南吹田駅 121m,居酒屋,,,2,,-,-,大阪府吹田市南吹田2-2-5
1ポンドのステーキハンバーグ タケル ららぽーとEXPOCITY店,万博記念公園駅 436m,ステーキ、ハンバーグ、カレー,,3.08,43,541,"￥2,000～￥2,999","￥1,000～￥1,999",大阪府吹田市千里万博公園2-1 ららぽーとEXPOCITY店 3F
料理とお酒 晴ル,吹田市,日本料理、海鮮,,3.01,2,199,-,-,大阪府吹田市五月ケ丘東13-3
大戸屋 カリーノ江坂店,江坂駅 118m,食堂,,3.08,95,595,"￥1,000～￥1,999","￥1,000～￥1,999",大阪府吹田市豊津町9-40 カリーノ江坂 B1F
フレンズ,千里丘駅 580m,たこ焼き,,,6,,-,-,大阪府吹田市長野東14-1
がんこ なにわ市場食堂,吹田市,食堂,,3.07,10,36,-,-,大阪府吹田市岸部北4-8-1 吹田サービスエリア 上り線 2F
クローバー ベーカリー,千里丘駅 649m,パン,,3.07,6,170,-,～￥999,大阪府吹田市長野東3-20 ビューハイツ千里 1F
TERRA COFFEE ROASTERS 江坂公園roastery店,江坂駅 413m,カフェ,,3.12,15,716,～￥999,～￥999,大阪府吹田市垂水町3–30-9
ほっかほっか亭 岸辺駅前,岸辺駅 216m,弁当,,3,3,24,-,-,大阪府吹田市岸部南1-18-7
浅井酒店,上新庄駅 613m,立ち飲み,,3.02,4,65,-,-,大阪府吹田市東御旅町2-53
移転黒兵衛 江坂店,江坂駅 148m,ラーメン、中華料理、餃子,,3.2,139,1240,"￥1,000～￥1,999","￥1,000～￥1,999",大阪府吹田市豊津町14-31
サニーサイド 吹田佐井寺店,吹田市,パン,,3.16,76,1564,-,～￥999,大阪府吹田市佐井寺南ヶ丘15-3
ダイエー 江坂駅前店,江坂駅 118m,コンビニ・スーパー,,3.04,6,25,-,-,大阪府吹田市豊津町10-7
花車,吹田市,寿司,,3.04,3,44,-,-,大阪府吹田市山田東1-35-12
業務スーパー 吹田原町店,吹田市,コンビニ・スーパー,,,,,-,-,大阪府吹田市原町2丁目36-1
生わんたんらぁめん専門店 赤黄緑 関大前店,関大前駅 151m,ラーメン,,3.12,22,185,"￥1,000～￥1,999","￥1,000～￥1,999",大阪府吹田市千里山東1-5-11
鳥ぷろ デュー阪急山田店,山田駅 74m,鳥料理、弁当、惣菜・デリ,,3.01,6,57,-,-,大阪府吹田市山田西4-1-2 デュー阪急山田 1F
五郎っぺ食堂 ららぽーとEXPOCITY店,万博記念公園駅 461m,鉄板焼き、お好み焼き、ラーメン,,3.26,108,906,～￥999,～￥999,大阪府吹田市千里万博公園2-1
居酒屋 おはこ,吹田（ＪＲ）駅 270m,居酒屋,,3.05,8,194,"￥2,000～￥2,999",-,大阪府吹田市昭和町10-20
Ventura,千里丘駅 483m,カフェ,,3.07,9,156,-,～￥999,大阪府吹田市長野東17-5 千里丘ＫＭハイツ 105
Ventura,吹田（ＪＲ）駅 480m,アメリカ料理,,3.18,15,864,-,"￥1,000～￥1,999",大阪府吹田市内本町2-1-20
鳥べえ,岸辺駅 792m,焼き鳥,,3.07,20,393,"￥3,000～￥3,999",-,大阪府吹田市岸部北2-4-26
クリーム本舗 吹田店,吹田市,洋菓子,,3,1,16,-,-,大阪府吹田市五月ヶ丘東13-18
ワールドグルメ タコス エル ノパル,公園東口駅 849m,売店,,3,3,10,-,-,大阪府吹田市千里万博公園3-3 C16ブロック付近
江坂フィッシュカンパニー,江坂駅 344m,イタリアン,,3.08,17,344,-,～￥999,大阪府吹田市広芝町5-37
炭焼やきとり わ,吹田（阪急）駅 507m,居酒屋,,3.05,3,34,-,-,大阪府吹田市穂波町3-21
旬彩天 つちや,江坂駅 602m,天ぷら、日本料理、海鮮,江坂の天ぷら会席。厳選された季節の食材を使用した、割烹と天ぷらの融合をご堪能下さい。,4.11,355,39202,"￥10,000～￥14,999","￥6,000～￥7,999",大阪府吹田市豊津町41-4
台湾甜商店 ららぽーとEXPOCITY店,万博記念公園駅 427m,台湾料理,,3.06,53,274,"￥1,000～￥1,999",-,大阪府吹田市千里万博公園2-1
お肉のコバヤシ,江坂駅 423m,惣菜・デリ,,3.07,14,291,-,～￥999,大阪府吹田市江の木町14
サーティワンアイスクリーム　 吹田五月が丘店,吹田市,ジェラート・アイスクリーム,,3.01,13,67,-,-,大阪府吹田市五月が丘北2-2
ブロンコビリー 吹田岸辺店,吹田市,ステーキ,,3.07,31,184,-,-,大阪府吹田市岸部北5-18-6
とん丼亭,岸辺駅 248m,丼,,3.34,93,1997,～￥999,～￥999,大阪府吹田市岸部南1-24-9
ミスタードーナツ ＪＲ吹田ショップ,吹田（ＪＲ）駅 68m,ドーナツ,,3.03,23,95,-,-,大阪府吹田市朝日町1-110
御菓子司　津村屋,吹田（ＪＲ）駅 497m,和菓子,,3.18,43,1377,～￥999,-,大阪府吹田市昭和町14-16
呑み処 直,吹田（阪急）駅 586m,居酒屋,,,5,,-,-,大阪府吹田市泉町3-12-6
福すし,吹田（ＪＲ）駅 154m,寿司,,3.03,8,71,-,～￥999,大阪府吹田市朝日町2
セブンイレブン 吹田江坂町1丁目店,江坂駅 521m,コンビニ・スーパー,,3.01,3,9,"￥1,000～￥1,999",～￥999,大阪府吹田市江坂町1-12-16
居酒屋ミカンセイ,山田駅 484m,居酒屋,,3.02,1,21,-,-,大阪府吹田市山田西4-16-1 王谷マンション 101
肉匠 東,江坂駅 477m,焼肉、ホルモン,,3.21,42,1207,"￥6,000～￥7,999","￥1,000～￥1,999",大阪府吹田市江の木町15-9
山乃内本店,吹田市,喫茶店,,,2,,-,-,大阪府吹田市吹東町60-14
crepe&jelato FUN TIME CAFE,関大前駅 387m,カフェ,,3,2,30,-,-,大阪府吹田市千里山東1-10-1 ブルーム関大前 1F
ジャンカラ 江坂2号店,江坂駅 147m,カラオケ、その他,,,1,4,-,-,大阪府吹田市豊津町10-15 モアイプラザ 4F
ひょうたん寿し 江坂本店,江坂駅 222m,寿司,,3.43,175,4834,"￥6,000～￥7,999",-,大阪府吹田市江の木町2-33-3 梓ビル　１Ｆ
KASHO COFFEE LAB,千里丘駅 913m,コーヒースタンド,,3,1,15,-,-,大阪府吹田市長野西1-7
お家や,吹田（ＪＲ）駅 546m,居酒屋、食堂,,3.12,8,677,～￥999,-,大阪府吹田市片山町1-25-5
カフェダイニング居酒屋 ジーカフェ,吹田市,居酒屋,,,12,,-,-,大阪府吹田市樫切山19-41
member's輪舞曲,江坂駅 344m,バー,,,,,"￥2,000～￥2,999","￥1,000～￥1,999",大阪府吹田市垂水町3-35-25 江坂第一レジャービル 3F
トポリーノ,吹田市,ケーキ,,3.01,1,134,-,-,大阪府吹田市樫切山10-1
ケンタッキーフライドチキン イオン北千里店,北千里駅 131m,からあげ,,3.01,7,46,-,-,大阪府吹田市古江台4-2-50
パティスリー フリュイルージュ,吹田市,ケーキ,,3.06,10,224,-,-,大阪府吹田市山田東1-1-6
アニヴェルセル 江坂,江坂駅 833m,結婚式場,,3.06,14,121,-,-,大阪府吹田市芳野町14-1
あきの,江坂駅 841m,居酒屋,,3.02,2,34,-,-,大阪府吹田市南金田2-14-8
壺天,江坂駅 543m,串揚げ,,3.33,62,2952,"￥5,000～￥5,999",-,大阪府吹田市垂水町3-9-10
讃岐うどん 秀,江坂駅 348m,うどん,,3.2,36,943,～￥999,～￥999,大阪府吹田市豊津町12-24
atelier un momon,桃山台駅 432m,コーヒースタンド、ジューススタンド,,3,1,20,-,-,大阪府吹田市桃山台2-5-18 晋和ビル 1F
ドンクエディテ 吹田SST店,岸辺駅 762m,パン,,3,3,43,-,-,大阪府吹田市岸部中5-1-1 阪急オアシス吹田SST店 1F
焼肉 牛らく,正雀駅 125m,焼肉,,3.03,5,83,-,-,大阪府吹田市岸部南1-6-6
バスケバル R,江坂駅 58m,バル、スポーツバー、バー,,3.03,3,108,"￥1,000～￥1,999",-,大阪府吹田市江坂町1-23-35 コーポ江坂ビル 3F
Anco,千里丘駅 511m,バー,,3.02,1,13,-,-,大阪府吹田市長野東17-20
サンエトワール 大阪学院大学店,岸辺駅 364m,パン、カフェ,,,1,9,-,-,大阪府吹田市岸部南2-36-1
クーロン チャイニーズ キッチン,江坂駅 621m,中華料理,,3.34,80,2156,"￥2,000～￥2,999",～￥999,大阪府吹田市江坂町1-12-1
LAWSON 江坂東店,江坂駅 424m,コンビニ・スーパー,,3.02,2,2,-,-,大阪府吹田市江坂町1-11-9
ペンギンベーカリー 吹田店,吹田市,パン,,3.07,41,1027,-,-,大阪府吹田市岸部北5-18-9
居酒屋ひろちゃん,豊津駅 225m,居酒屋,,,8,,"￥3,000～￥3,999",-,大阪府吹田市垂水町1-8-22 メゾン垂水 1F
鶏翔 吹田内本町店,吹田（阪急）駅 566m,からあげ,,3.05,4,43,-,-,大阪府吹田市内本町1-22-12
PALLONE GONFIATO,関大前駅 363m,カフェ,,3.02,1,2,-,-,大阪府吹田市千里山東1-13-4
ビアードパパの作りたて工房 JR吹田駅店,吹田（ＪＲ）駅 122m,シュークリーム、洋菓子,,3.08,8,22,-,-,大阪府吹田市朝日町1-1 JR吹田駅 東口改札口
Dining つくも,江坂駅 100m,居酒屋,,,20,,-,-,大阪府吹田市豊津9-15 日本興業ビル 3F
JAZZ BAR 誠,吹田（阪急）駅 544m,バー,,,1,18,-,-,大阪府吹田市内本町1-23-10
ひよっこ,吹田（ＪＲ）駅 54m,居酒屋、鳥料理、鉄板焼き,,3.07,17,346,"￥1,000～￥1,999",～￥999,大阪府吹田市朝日町1 A-2-105
讃岐 うどん まごころ ららぽーとEXPOCITY店,万博記念公園駅 459m,うどん、天ぷら,,3.29,74,588,～￥999,～￥999,大阪府吹田市千里万博公園2-1 ららぽーとEXPOCITY 3F
旅する麻婆屋 えんわ,相川駅 849m,中華料理,,3.07,7,85,-,-,大阪府吹田市末広町21-53 1F
WEST,万博記念公園駅 651m,カフェ,,,112,,-,"￥1,000～￥1,999",大阪府吹田市千里万博公園10-16 万博記念公園自然文化園せせらぎ広場 LIVING PARK
マクドナルド マックスバリュ北山田店,山田駅 576m,ハンバーガー,,3.03,13,53,-,～￥999,大阪府吹田市山田北6-1
麺創　麺魂,江坂駅 422m,ラーメン、つけ麺、餃子,,3.52,438,9548,～￥999,～￥999,大阪府吹田市垂水町3-24-14 グリーンコーポ江坂第2 118号
いきなりステーキ カリーノ江坂店,江坂駅 96m,ステーキ、ハンバーグ,,3.06,44,284,"￥2,000～￥2,999","￥1,000～￥1,999",大阪府吹田市豊津町9-40 カリーノ江坂 B1F
ポコポコ亭,吹田（ＪＲ）駅 311m,食堂,,3.07,9,75,-,～￥999,大阪府吹田市朝日町18-12
かんてんぱぱショップ 千里山店,千里山駅 522m,その他,,3.01,2,41,-,-,大阪府吹田市千里山西4-33-33
吹田サービスエリア（上り線）スナックコーナー,吹田市,その他,,3.15,102,234,～￥999,-,大阪府吹田市岸部北4-8-1 吹田サービスエリア(上り線)
松月堂,吹田（ＪＲ）駅 493m,和菓子,,3.02,4,83,-,-,大阪府吹田市内本町2-1-17
アイママキッチン,吹田（ＪＲ）駅 158m,食堂、弁当,,3.06,4,97,-,-,大阪府吹田市昭和町1-1 アイワステーションビル 1F
たこ焼き 多幸八,北千里駅 136m,その他,,3.02,1,7,-,-,大阪府吹田市古江台4-1 B1
もへじ,江坂駅 336m,鉄板焼き、居酒屋,,3.06,12,207,-,-,大阪府吹田市江の木町7‐23
ブランジェ,阪大病院前駅 472m,パン、洋菓子,,3,1,23,-,-,大阪府吹田市山田丘2-4 阪大吹田キャンパス福利会館 1F
AGOO,関大前駅 285m,ハワイ料理、パンケーキ、カフェ,,3.07,14,332,"￥2,000～￥2,999",～￥999,大阪府吹田市千里山東1-7-33 1F
肉の専門店 たか橋 山田店,吹田市,その他,,,1,51,-,-,大阪府吹田市山田西2-6-3
鮮菜 やま川,吹田（ＪＲ）駅 415m,日本料理、海鮮,,3.07,18,453,"￥4,000～￥4,999","￥1,000～￥1,999",大阪府吹田市元町29-18
Kotori Jelly Shop,桃山台駅 841m,洋菓子,,3.06,6,111,-,-,大阪府吹田市春日1-16-1
済生会千里病院 職員食堂,南千里駅 298m,社員食堂,,3.02,1,21,-,-,大阪府吹田市津雲台1-1-6 災害管理棟 3F
ティーズスターダイナー ガンバスタジアム店,万博記念公園駅 882m,ハンバーガー,,3.04,4,44,-,-,大阪府吹田市千里万博公園3-3
ボンクラ 2号店,千里山駅 143m,ホルモン,,3.02,1,12,-,-,大阪府吹田市千里山東2-22-20
ふぐ釜,吹田（ＪＲ）駅 455m,ふぐ,,3.04,8,217,-,-,大阪府吹田市高浜町1-13
ラ・パン Factory,関大前駅 102m,パン、サンドイッチ,,3.08,13,593,～￥999,-,大阪府吹田市円山町21-15
しゃぶ菜 ららぽーとEXPOCITY店,万博記念公園駅 463m,しゃぶしゃぶ,,3.03,15,136,-,"￥1,000～￥1,999",大阪府吹田市千里万博公園2-1 ららぽーとEXPOCITY 2F
マクドナルド 佐井寺関西スーパー店,吹田市,ハンバーガー,,3.01,1,7,-,-,大阪府吹田市佐井寺南が丘17-1
CORE MEAL,吹田（ＪＲ）駅 370m,カフェ,,3.05,3,56,-,-,大阪府吹田市元町11-4
マザーバスケット 千里丘店,吹田市,パン、サンドイッチ,,3.01,13,75,-,-,大阪府吹田市山田南1-1 イズミヤ千里丘店１階
はなまるうどん 大阪江坂店,江坂駅 84m,うどん,,3.08,49,295,～￥999,～￥999,大阪府吹田市豊津町9-44 B1
楽楽 北店,江坂駅 498m,お好み焼き,,3.01,2,22,-,-,大阪府吹田市江坂町2-6-14
CAFE&BAR PAVOT,南千里駅 215m,洋食、カフェ、バー,,3.07,18,158,-,～￥999,大阪府吹田市津雲台1丁目1-30 tonarie 2F
オールドブルー,豊津駅 154m,バー,,,29,,"￥3,000～￥3,999",-,大阪府吹田市垂水町2-3-26 若村ビル 1F
炭火焼鳥アカツキ,吹田市,焼き鳥,,3.02,1,38,"￥4,000～￥4,999",～￥999,大阪府吹田市岸部北5-12-15
EXPO BAR,吹田市,ビアバー,,3.02,1,1,-,-,大阪府吹田市千里万博公園3-3 パナソニックスタジアム吹田 第1ゲート
更科,吹田（ＪＲ）駅 376m,そば、うどん、天ぷら,,3.06,8,134,-,～￥999,大阪府吹田市片山町3-31-17
ファミリーマート 吹田五月が丘北店,吹田市,コンビニ・スーパー,,3.02,1,2,-,-,大阪府吹田市五月が丘北22-14
ほっかほっか亭 吹田,吹田（ＪＲ）駅 446m,弁当,,3,3,15,-,-,大阪府吹田市昭和町14-23
パネッテリア ヴィヴォ,吹田（阪急）駅 240m,パン,,3.08,10,147,-,-,大阪府吹田市泉町2-18-7
やみつき唐揚げ丼,関大前駅 355m,弁当、からあげ,,3.02,3,60,～￥999,～￥999,大阪府吹田市千里山東1-9-21
将平,吹田市,そば、うどん、居酒屋,,3.19,25,560,-,-,大阪府吹田市山田西1-3-11
魚介スタンド POLPO,江坂駅 396m,立ち飲み,,3.06,9,695,-,-,大阪府吹田市豊津町5-28
マクドナルド 吹田さんくす店,吹田（ＪＲ）駅 153m,ハンバーガー,,3.03,16,65,-,～￥999,大阪府吹田市朝日町2-123 吹田さんくす２番館
ローソンストア100 関大前,関大前駅 354m,コンビニ・スーパー,,3,2,4,-,-,大阪府吹田市千里山東1-9-19
キッズカフェ ビーバンプ,吹田市,カフェ、バー、レストラン,,3,1,57,"￥2,000～￥2,999","￥1,000～￥1,999",大阪府吹田市山田西1-26-15 メゾンドールⅢ 2F
KITANO ACE ONE ららぽーとEXPOCITY店,万博記念公園駅 418m,コンビニ・スーパー,,3.08,4,55,-,-,大阪府吹田市千里万博公園2-1 ららぽーとEXPOCITY 1F
おだて屋 もみじ,千里丘駅 590m,串揚げ,,,1,16,-,-,大阪府吹田市長野東14-4
丹丹 麻辣烫,北千里駅 84m,中華料理,,,2,13,-,-,大阪府吹田市古江台4-2-119 ディオス北千里 2番館 1F
ドッグカフェ 向日葵,山田駅 452m,喫茶店,,3.02,1,20,-,-,大阪府吹田市山田東4-13-9
松のや 江坂店,江坂駅 211m,とんかつ、かつ丼,,3.04,32,161,～￥999,～￥999,大阪府吹田市豊津町15-4
オー・ガラージュ,江坂駅 375m,フレンチ、創作料理、ビストロ,,3.52,228,10880,"￥2,000～￥2,999","￥1,000～￥1,999",大阪府吹田市豊津町18-1 Ｅ－ＧＡＴＥ　１Ｆ
お弁当わかな,吹田市,弁当,,3.02,3,34,-,-,大阪府吹田市山田西2-7-10
すし智,吹田市,鍋、寿司、居酒屋,,3.07,13,563,"￥4,000～￥4,999","￥1,000～￥1,999",大阪府吹田市樫切山18-8
ななまる食堂,吹田（阪急）駅 167m,食堂、弁当,,3.1,17,319,-,～￥999,大阪府吹田市泉町1-12-3
中華 麻辣燙,岸辺駅 253m,中華料理,,,1,14,"￥1,000～￥1,999","￥1,000～￥1,999",大阪府吹田市岸部南1-24-9
ロキストア,万博記念公園駅 288m,ソフトクリーム、揚げ物,,3.05,6,37,-,～￥999,大阪府吹田市千里万博公園1-1
CAFE de Azur,江坂駅 151m,カフェ、バー,,,10,,-,-,大阪府吹田市豊津町10-15 ライブプラザブーミン4F
ぺんぺん草 吹田店,吹田（ＪＲ）駅 581m,洋菓子、ケーキ,,3,4,102,-,-,大阪府吹田市高浜町4-33
吉野家 吹田山田店,吹田市,牛丼、カレー、食堂,,3.03,21,109,-,～￥999,大阪府吹田市山田西2-7-14
マイカリー食堂 関大前店,関大前駅 165m,カレー,,3.01,1,4,-,-,大阪府吹田市千里山東1-7-13 カンゾービル 1F
ジェラフル 万博記念公園店,万博記念公園駅 234m,クレープ・ガレット、ソフトクリーム、スイーツ,,3.01,13,82,-,-,大阪府吹田市千里万博公園10-13
百鳥,江坂駅 303m,焼き鳥,,3.24,23,972,"￥2,000～￥2,999",-,大阪府吹田市豊津町16-5 汐田ビル 1F
和-水都饌菓,南吹田駅 628m,和菓子、スイーツ,,3.19,27,351,-,-,大阪府吹田市穂波町13-42
ピッツエリア カプリコルノ,江坂駅 571m,ピザ,,3.32,45,1690,"￥4,000～￥4,999","￥1,000～￥1,999",大阪府吹田市垂水町3-17 第一田中マンション 1F
うえの,江坂駅 530m,レストラン,,,5,,-,-,大阪府吹田市江の木町12-23
ツチcafe,関大前駅 550m,カフェ,,3.08,12,235,-,～￥999,大阪府吹田市山手町3-31-13 マンション風 2F
天下一品 江坂店,江坂駅 403m,ラーメン,,3.06,115,854,"￥1,000～￥1,999","￥1,000～￥1,999",大阪府吹田市江の木町8-27
おかめ,千里丘駅 562m,おでん、居酒屋,,3.03,3,107,"￥1,000～￥1,999",-,大阪府吹田市長野東16-8
社会店カフェ ソシオ,関大前駅 321m,学生食堂,,3,1,2,-,-,大阪府吹田市千里山東3-10-1 社会学舎内 1F
八剣伝 豊津店,豊津駅 129m,居酒屋、焼き鳥、海鮮,,3.01,6,50,"￥2,000～￥2,999",-,大阪府吹田市出口町28-2
キャンドル,吹田市,喫茶店,,3.06,5,43,-,-,大阪府吹田市山田東2-1-2
スパゲッテリアマッキー di Hayashida,南千里駅 160m,パスタ、イタリアン、ワインバー,,3.37,104,2774,"￥2,000～￥2,999","￥1,000～￥1,999",大阪府吹田市津雲台1-1-30 トナリエ南千里 2F
千里山ラプソディー,千里山駅 155m,ラーメン、立ち飲み,,3.07,13,359,"￥2,000～￥2,999",～￥999,大阪府吹田市千里山西4-9-22
赤六 丼丸 豊津店,豊津駅 162m,海鮮丼,,3.01,1,34,-,-,大阪府吹田市垂水町2-3-26 アールズコート 1F
バッカス,江坂駅 258m,バー、焼酎バー,,3.09,15,732,"￥3,000～￥3,999",-,大阪府吹田市江の木町3-11 ロンヂェビル３F
クラッチコーヒーアンドベイク,江坂駅 319m,カフェ、プリン,,3.09,15,758,-,"￥1,000～￥1,999",大阪府吹田市豊津町16-8 ワタナベビル 1F
倉田食品,吹田（ＪＲ）駅 509m,惣菜・デリ,,,2,20,-,-,大阪府吹田市内本町2-2-7
サイゼリヤ 阪急ディオス北千里店,北千里駅 144m,ファミレス、イタリアン、パスタ,,3.01,11,140,-,～￥999,大阪府吹田市古江台4-2
ラグーン,吹田（ＪＲ）駅 6m,居酒屋、焼き鳥,,3.2,19,499,"￥2,000～￥2,999",-,大阪府吹田市朝日町1-1
とり信,吹田（ＪＲ）駅 410m,惣菜・デリ、焼き鳥、からあげ,,3.43,161,5069,～￥999,～￥999,大阪府吹田市元町7-14 吹田旭通商店街信号角
サニーサイド 吹田南千里本店,南千里駅 167m,パン、サンドイッチ、カフェ,,3.33,170,5643,～￥999,～￥999,大阪府吹田市津雲台1-1-30 トナリエ南千里 1F
かつアンドかつ 紫金山公園店,吹田市,とんかつ、カレーうどん、かつ丼,,3.07,48,416,"￥1,000～￥1,999","￥1,000～￥1,999",大阪府吹田市岸部北4-19-1
ステーキ.com,岸辺駅 860m,ステーキ,,3.28,40,1542,"￥1,000～￥1,999","￥1,000～￥1,999",大阪府吹田市岸部北5-10-2-1 1F
フェロー,正雀駅 526m,喫茶店、食堂、カフェ,,3.01,1,32,-,-,大阪府吹田市岸部南2-35-1
煮干しラーメン にぼってる,吹田（阪急）駅 640m,ラーメン、餃子、からあげ,,3.54,276,4582,～￥999,～￥999,大阪府吹田市内本町2-21-10
炭火焼き鳥 鳥作,吹田市,焼き鳥、居酒屋、水炊き,,3.24,30,1165,"￥3,000～￥3,999",-,大阪府吹田市樫切山18-2
パナソニックリゾート大阪,宇野辺駅 512m,ホテル,,3.12,6,47,-,-,大阪府吹田市青葉丘南10-1
とらや,南吹田駅 504m,居酒屋,,,8,,-,-,大阪府吹田市南吹田5-6-1
元屋,吹田（ＪＲ）駅 461m,海鮮,,3.14,16,429,"￥6,000～￥7,999","￥1,000～￥1,999",大阪府吹田市片山町2-11-70
もりから,吹田市,からあげ,,3.01,1,5,-,～￥999,大阪府吹田市岸部北4-8-1 吹田サービスエリア（下り線）
和食しゃぶしゃぶ かごの屋 吹田五月が丘店,吹田市,日本料理、しゃぶしゃぶ、ビュッフェ,,3.04,26,399,"￥2,000～￥2,999","￥1,000～￥1,999",大阪府吹田市五月が丘東1-23
すき家 吹田五月が丘店,吹田市,牛丼、カレー、食堂,,3.01,7,25,-,-,大阪府吹田市五月が丘東13-19
カフェ チャクラ,江坂駅 520m,カフェ,,3.13,20,311,-,"￥1,000～￥1,999",大阪府吹田市垂水町3-17-13 アスール江坂　1F
ニューマサラキッチン,南吹田駅 319m,インド料理、インドカレー,,3.02,4,31,-,-,大阪府吹田市南吹田3-9-25
なごみ,江坂駅 378m,居酒屋,,3.05,6,285,-,-,大阪府吹田市豊津町18-4 ウイニングパラ1F
豚や,吹田（ＪＲ）駅 214m,タイ料理、鍋、焼肉,,3.11,35,3465,"￥2,000～￥2,999",-,大阪府吹田市昭和町7-17
たこ焼き いっちゃん,江坂駅 197m,たこ焼き,,3.08,15,171,～￥999,-,大阪府吹田市江の木町2-35
梵保庵,宇野辺駅 568m,そば,,3.64,165,8859,"￥1,000～￥1,999","￥1,000～￥1,999",大阪府吹田市新芦屋下27-5
シンメイ麻辣燙,吹田（ＪＲ）駅 274m,中華料理,,3.07,9,220,-,-,大阪府吹田市昭和町10-20 ヴィラボヌール 1F
さつき珈琲,吹田市,カフェ,,3.09,17,369,-,"￥1,000～￥1,999",大阪府吹田市五月が丘北25-40 ユタカビル 1F
darumaya kitchen,吹田市,沖縄料理、ドーナツ,,,17,365,-,-,大阪府吹田市五月が丘南28-23
ライト兄弟,千里山駅 68m,サンドイッチ、パン、カフェ,,3.15,25,1029,-,～￥999,大阪府吹田市千里山東2-28-7
朝日食堂,江坂駅 574m,食堂、うどん、そば,,3.2,23,843,～￥999,～￥999,大阪府吹田市豊津町31-22
だし屋 寿々とね,吹田市,そば、うどん,,3.26,17,131,-,-,大阪府吹田市原町4-16-22
阪急ベーカリー香房 北千里店,北千里駅 33m,パン、サンドイッチ,,3,4,23,-,-,大阪府吹田市古江台4-119-6 阪急オアシス　２Ｆ
すき家 五月が丘店,吹田市,牛丼、カレー、食堂,,3.01,11,64,-,～￥999,大阪府吹田市五月が丘東13-19
カフェ・ド・クリエ 大阪大学歯学部附属病院店,阪大病院前駅 856m,パスタ、カフェ,,3.01,11,71,-,～￥999,大阪府吹田市山田丘1-8 大阪大学歯学部附属病院 1F
NSSOL Cafe,阪大病院前駅 714m,学生食堂,,3.04,5,18,-,-,大阪府吹田市山田丘1-9 ポプラ通り福利会館 2F
CAGOM,吹田（ＪＲ）駅 620m,カフェ,,3.02,1,169,-,-,大阪府吹田市片山町4-17-30
喫茶一番館,吹田（ＪＲ）駅 97m,喫茶店,,3.12,14,131,-,～￥999,大阪府吹田市朝日町3
金車,山田駅 613m,寿司,,3.09,9,346,-,～￥999,大阪府吹田市山田東4-41
ちーちゃんのパン,吹田（阪急）駅 232m,パン,,3.02,2,104,-,-,大阪府吹田市清和園町3-8
とよつ壱や,豊津駅 307m,お好み焼き,,3.09,23,483,"￥1,000～￥1,999",～￥999,大阪府吹田市垂水町1-15-1
安達酒販,吹田（ＪＲ）駅 498m,バー,,3.01,1,21,-,-,大阪府吹田市高浜町4-7
セブンイレブン 吹田広芝町北,江坂駅 398m,コンビニ・スーパー,,3.01,2,4,-,-,大阪府吹田市広芝町3-29
松屋 江坂駅前店,江坂駅 147m,牛丼、食堂,,3.03,25,104,-,～￥999,大阪府吹田市豊津町14-31 由谷エムワイビル 1F
庄平うどん,岸辺駅 212m,うどん、そば,,3.23,42,539,～￥999,～￥999,大阪府吹田市岸部南1-24-6
とみ,吹田（ＪＲ）駅 909m,お好み焼き,,3.01,4,62,-,-,大阪府吹田市片山町4-39-17
ドン・キホーテ 江坂店,江坂駅 144m,その他,,3.02,2,2,-,-,大阪府吹田市豊津町10-15
星乃珈琲店 吹田店,吹田市,喫茶店,,3.06,49,563,～￥999,～￥999,大阪府吹田市佐井寺南が丘10-4
八重,江坂駅 593m,食堂,,3.02,3,50,-,～￥999,大阪府吹田市豊津町33-7
めはり屋文在ヱ門 江坂店,豊津駅 249m,おにぎり、からあげ,,3.01,4,227,"￥1,000～￥1,999","￥1,000～￥1,999",大阪府吹田市垂水町1-8-14
福島上等カレー 江坂店,江坂駅 88m,カレー,,3.12,97,833,～￥999,～￥999,大阪府吹田市豊津町9-44 ハートランド江坂 B1F
華小町わらびもち,吹田（ＪＲ）駅 230m,和菓子,,3,6,40,-,-,大阪府吹田市朝日町15-4
モスバーガー 吹田北口店,吹田（ＪＲ）駅 268m,ハンバーガー,,3.02,20,80,-,～￥999,大阪府吹田市片山町1-3-5
タリーズコーヒー 江坂駅前店,江坂駅 132m,カフェ,,3.07,49,285,～￥999,～￥999,大阪府吹田市豊津町9-1 EDGE江坂 1F
ラーメンスタンド 大阪1号店,北千里駅 28m,ラーメン,,3.13,26,224,"￥1,000～￥1,999","￥1,000～￥1,999",大阪府吹田市古江台4-119 Dios1番館 2F
焼肉でん,吹田市,売店,,3,1,3,-,-,大阪府吹田市千里万博公園3-3 パナソニック スタジアム 吹田
きりん寺 関大前店,関大前駅 337m,油そば・まぜそば、つけ麺,,3.03,55,1163,～￥999,～￥999,大阪府吹田市千里山東1-14-23
吉野家 内環状線江坂店,吹田（阪急）駅 774m,牛丼、カレー、食堂,,3.03,40,120,～￥999,-,大阪府吹田市穂波町6-25
お好み焼き・鉄板焼きのはらだ,岸辺駅 172m,お好み焼き、焼きそば,,3.12,11,232,"￥1,000～￥1,999",～￥999,大阪府吹田市岸部南2-2-2 サンハイツ岸部 1F
VEGEGOオヌレシクタン ららぽーとEXPOCITY,万博記念公園駅 421m,韓国料理,,3.1,74,435,"￥2,000～￥2,999","￥1,000～￥1,999",大阪府吹田市千里万博公園2-1 ららぽーとEXPOCITY 3F フードコート
とり新,桃山台駅 377m,その他,,3.02,1,8,-,-,大阪府吹田市竹見台3-6-6 竹見台マーケット
吉野家 江坂駅東店,江坂駅 186m,牛丼、カレー、食堂,,3.05,45,205,～￥999,～￥999,大阪府吹田市江坂町1-22-12 江坂東急ビル壱番館 1F
高田水産,豊津駅 44m,その他,,3.01,1,10,-,-,大阪府吹田市垂水町2-1-24 豊津ファミリーショップ・ハース B1F
馬骨出汁おでんと肴 さくら,吹田（ＪＲ）駅 474m,おでん、居酒屋,,3.04,3,65,-,-,大阪府吹田市片山町4-1-5
ぎょうざの満洲 江坂工場直売店,江坂駅 670m,餃子、中華料理,,3.08,119,1549,"￥1,000～￥1,999","￥1,000～￥1,999",大阪府吹田市江の木町27-16
LAWSON 吹田円山町店,関大前駅 357m,コンビニ・スーパー,,3,4,15,-,-,大阪府吹田市円山町6-3
